IDWIIQ,cycles,Capacity,sum_LowLevel,ET,avg_disch,med_disch,avg_Idle,med_Idle,med_CycleTmax,avg_Wday,med_Wday,avg_DisAhNeg,med_DisAhNeg,avg_EndVbatCell,med_EndVbatCell,fast_group,retired
1621,63,750,8,0.16,807.62,840,68.52,67,0,3.63,4,59.53,66.53,1.94,1.97,0,0
1622,97,750,13,0.16,862.27,840,82.19,83,0,3.97,4,65.4,71.73,1.93,1.96,0,0
1623,70,750,1,0.17,895.71,840,97.31,67.5,0,4,4,69.83,76.6,1.91,1.92,0,0
1624,81,750,1,0.16,880,780,92.69,87,0,4.22,4,67.54,73.47,1.92,1.96,0,0
1625,53,750,0,0.13,554.72,420,82.06,64,0,3.15,3,40.58,36.8,1.88,1.89,0,0
1626,91,750,4,0.15,829.45,780,86.82,69,0,3.98,4,59.37,65.73,1.92,1.95,0,0
1627,96,750,1,0.17,891.88,900,77.16,79.5,0,3.98,4,66.22,70.67,1.91,1.95,0,0
1629,68,750,17,0.18,824.12,780,76.22,68,0,3.53,3,63.11,68.8,1.92,1.92,0,0
1630,79,750,5,0.15,877.97,840,94.46,76,0,4.1,4,62.47,67.2,1.92,1.95,0,0
1631,79,750,0,0.16,840.76,780,85.62,76,0,4,4,63.81,65.87,1.92,1.97,0,0
1632,68,750,4,0.15,865.59,810,130.43,91,0,4.19,4,64.93,69.67,1.91,1.95,0,0
1633,87,750,6,0.16,979.31,900,92.85,86,0,4.26,4,67.75,69.73,1.92,1.95,0,0
1634,91,750,0,0.15,840.66,840,92.12,84,0,4.11,4,63.5,70.53,1.9,1.89,0,0
1635,97,750,11,0.18,820.82,780,69.96,64,0,3.69,4,65.31,71.33,1.92,1.96,0,0
1636,79,750,1,0.16,762.53,720,97.61,84,0,3.67,4,58.39,69.33,1.93,1.96,0,0
1637,53,750,15,0.17,886.42,780,115.81,88,0,3.79,4,65.99,69.47,1.91,1.94,0,0
1638,90,750,4,0.16,872,840,89.41,74.5,0,3.84,4,62.24,66,1.92,1.95,0,0
1639,93,750,0,0.17,927.1,900,78.62,63,0,3.88,4,66.51,69.73,1.93,1.97,0,0
1640,92,750,0,0.16,898.7,840,84.1,79.5,0,4.1,4,65.18,68.47,1.93,1.96,0,0
1641,77,750,1,0.16,921.04,900,114.1,80,0,4.34,4,67.48,72.53,1.92,1.96,0,0
1642,90,750,26,0.16,886,840,84.62,70,0,3.97,4,64.72,69.8,1.92,1.96,0,0
1643,42,750,4,0.14,811.43,840,102.57,85.5,0,4.02,4,55.71,65.13,1.93,1.955,0,0
1644,99,750,3,0.17,804.85,720,83.8,65,0,3.66,3,62.98,69.2,1.91,1.93,0,0
1645,118,750,1,0.14,778.47,690,66.37,57,0,3.36,3,48.04,65.4,1.95,1.98,0,0
1646,41,750,2,0.16,859.02,960,118.46,79,0,3.8,4,59.23,72.4,1.94,1.97,0,0
1647,64,750,0,0.17,809.06,840,104.14,77.5,0,3.72,3.5,61.66,71.47,1.92,1.955,0,0
1648,79,750,3,0.16,972.91,960,100.47,83,0,4,4,64.95,69.33,1.93,1.97,0,0
1649,68,750,0,0.18,862.94,780,73.87,60,0,3.5,3.5,61.78,67.33,1.93,1.95,0,0
1650,170,1000,10,0.26,517.06,510,46.72,33,0,2.55,2,65.93,71,1.93,1.95,0,0
1651,85,1000,29,0.25,521.65,540,69.4,38,0,2.62,2,66.29,72.1,1.93,1.95,0,0
1652,153,1000,5,0.24,514.12,540,55.8,35,0,2.73,3,65.84,71,1.93,1.96,0,0
1653,170,1000,8,0.26,519.88,540,48.76,31.5,0,2.56,2,67.22,71.4,1.94,1.96,0,0
1654,163,1000,8,0.26,532.27,540,51.63,33,0,2.64,2,68,72.5,1.93,1.97,0,0
1655,148,1000,67,0.25,542.43,540,53.39,45,0,2.82,3,69.22,73.05,1.92,1.97,0,0
1656,156,1000,4,0.25,518.46,540,60.31,35.5,0,2.68,2,66.01,72.3,1.89,1.94,0,1
1657,154,1000,2,0.25,530.65,540,50.54,33,0,2.72,2,67.48,72.1,1.92,1.955,0,0
1658,187,1000,0,0.25,459.14,420,38.59,27,0,2.4,2,59.5,61.6,1.89,1.97,0,0
1659,150,1000,15,0.25,540,540,57.18,40,0,2.69,3,68.26,74.85,1.94,1.97,0,0
1660,152,1000,17,0.25,530.13,540,59.5,40.5,0,2.75,3,67.82,73.5,1.93,1.96,0,1
1661,189,1000,0,0.24,482.54,480,43.33,27,0,2.49,2,60.46,63.4,1.94,1.97,0,0
1662,151,1000,10,0.25,492.32,480,50.72,34,0,2.65,2,64.9,72,1.92,1.97,0,1
1663,152,1000,9,0.25,513.95,540,47.36,30,0,2.7,3,67.21,74,1.94,1.96,0,0
1664,82,1000,3,0.26,503.41,540,53.52,37.5,0,2.52,3,65.05,72.2,1.91,1.9449999999999998,0,0
1665,39,1000,0,0.22,621.54,600,63.82,53,0,3.56,3,79.29,79.3,1.91,1.95,0,1
1666,125,1000,0,0.23,516,480,51.26,35,0,2.82,3,66.05,69.5,1.92,1.96,0,0
1667,160,1000,2,0.27,564,540,49.49,37.5,0,2.62,3,70.06,75.2,1.91,1.94,0,0
1668,104,1000,0,0.24,594.23,600,66.57,44.5,0,3.27,3,78.62,79.85,1.93,1.96,0,1
1669,181,1000,0,0.25,518.78,540,48.7,34,0,2.64,3,66.14,71.3,1.92,1.97,0,0
1670,146,1000,44,0.27,534.25,540,54.4,40.5,0,2.68,3,72.35,81.2,2.85,2.87,0,0
1671,52,750,0,0.15,886.15,840,116.83,88,0,4.08,4,62.93,69.33,1.92,1.9449999999999998,0,0
1672,93,750,2,0.16,834.84,780,80.14,76,0,3.78,4,62.06,70.53,1.91,1.92,0,0
1673,88,750,2,0.16,874.77,780,95.99,77,0,4.15,4,65.99,70.93,1.92,1.9449999999999998,0,0
1674,141,1000,13,0.27,534.47,540,56.31,43,0,2.67,3,71.55,80,1.92,1.92,0,0
1675,62,750,0,0.16,832.26,720,106.6,77,0,3.53,3.5,58.15,61.27,1.94,1.9649999999999999,0,0
1676,103,750,0,0.16,847.57,780,80.83,77,0,3.86,4,63.29,68,1.9,1.91,0,0
1677,30,1000,0,0.29,674,690,77.53,66,0,3.27,3,93.3,94.55,1.88,1.87,0,0
1678,128,1000,31,0.24,530.62,540,62.98,43,0,2.88,3,69.71,78.9,1.91,1.9049999999999998,0,0
1679,56,1000,0,0.24,443.57,420,83.93,35,0,2.68,2,63.88,69.25,1.91,1.91,0,0
1680,135,1000,10,0.25,521.78,540,58.27,37,0,2.74,3,69.45,76.4,1.92,1.91,0,0
1681,128,1000,15,0.26,513.75,540,55.86,43.5,0,2.72,3,71.07,78.4,1.9,1.91,0,0
1682,90,750,10,0.15,902.67,900,91.07,76.5,0,4.12,4,63.56,70.33,1.93,1.96,0,0
1683,146,1000,6,0.25,539.18,540,55.75,45.5,0,2.78,3,70.4,78.8,1.88,1.89,0,0
1684,137,1000,4,0.24,505.84,540,63.78,34,0,2.77,2,67.66,78.8,1.88,1.9,0,0
1685,81,750,22,0.16,956.3,900,106.63,90,0,4.06,4,65.59,70.93,1.92,1.94,0,0
1686,38,750,0,0.15,847.89,870,100.39,86,0,4.16,4,62.19,73.53,1.93,1.9649999999999999,0,0
1687,88,750,0,0.16,754.09,720,88.89,61,0,3.72,3,60.61,70,1.89,1.9049999999999998,0,0
1688,92,750,1,0.15,795.65,780,87.15,73.5,0,3.91,4,60.02,67.4,1.93,1.97,0,0
1689,93,750,0,0.17,920,840,84.15,73,0,4.05,4,67.33,69.47,1.92,1.95,0,0
1690,102,750,6,0.17,835.29,810,78.65,72,0,3.82,4,63.81,67.87,1.91,1.915,0,0
1691,80,750,10,0.17,915,840,89.28,74.5,0,4.09,4,67.79,70.87,1.93,1.96,0,0
1692,84,750,5,0.15,843.57,810,94.74,82.5,0,4.14,4,60.7,67.53,1.91,1.92,0,0
1693,76,750,1,0.15,950.53,960,115.43,97,0,4.18,4,64.57,68.6,1.93,1.97,0,0
1694,98,750,1,0.16,839.39,840,77.73,69.5,0,3.83,4,60.2,67.2,1.93,1.97,0,0
1695,94,750,1,0.16,984.26,900,84.72,82.5,0,4.01,4,64.13,73.27,1.93,1.97,0,0
1696,86,750,0,0.15,821.16,780,91.6,91,0,3.98,4,58.52,63.93,1.94,1.97,0,0
1697,84,750,30,0.15,854.29,780,84.86,87,0,4.06,4,61.46,68.93,1.93,1.97,0,0
1698,99,750,6,0.17,831.52,780,77.62,72,0,3.66,4,62.77,67.6,1.93,1.96,0,0
1699,79,1000,4,0.27,440.51,420,55.34,29,0,2.28,2,61.16,64.6,1.91,1.91,0,0
1700,81,750,0,0.16,872.59,840,82.1,71,0,3.81,4,62.22,67.73,1.95,1.97,0,0
1701,141,1000,6,0.26,533.19,540,62.77,49,0,2.84,3,72.7,80.1,1.89,1.9,0,0
1702,41,1000,0,0.23,639.51,600,97.8,94,0,3.71,3,86.17,87.2,1.89,1.88,0,0
1703,108,1000,1,0.29,511.11,540,56.94,37,0,2.4,2,68.48,75.9,1.91,1.91,0,0
1704,153,1000,3,0.27,516.47,540,52.84,33,0,2.67,3,70.87,78.8,1.91,1.91,0,0
1705,93,750,0,0.17,867.1,780,74.1,73,0,3.75,4,64.87,72.93,1.91,1.96,0,0
1706,79,750,0,0.16,931.9,900,99.39,78,0,4.15,4,64.43,67.07,1.92,1.94,0,0
1707,61,750,5,0.14,846.89,780,100.66,89,0,4.48,4,62.02,70.67,1.91,1.91,0,0
1708,81,1000,0,0.23,652.59,600,66.69,52,0,3.56,3,80.46,78.6,1.91,1.95,0,0
1709,134,1000,4,0.23,533.73,540,60.64,38,0,2.87,3,67.1,74,1.94,1.9649999999999999,0,1
1710,119,1000,0,0.25,537.98,600,65.49,50,0,2.97,3,73.53,80.4,1.91,1.9,0,0
1711,53,750,8,0.17,806.04,780,104.89,71,0,3.55,3,61.59,65.07,1.91,1.95,0,0
1712,93,750,4,0.16,899.35,900,83.09,71,0,3.81,4,60.56,64.4,1.92,1.93,0,0
1713,162,1000,12,0.28,519.63,540,53.06,35.5,0,2.51,2,71.3,76.2,1.92,1.93,0,0
1714,88,750,4,0.16,921.14,870,93.85,86.5,0,4.07,4,65.77,71.67,1.94,1.97,0,0
1715,81,750,7,0.15,882.96,840,111.93,72,0,3.89,4,58.5,63.07,1.92,1.94,0,0
1716,168,1000,12,0.26,521.79,540,49.67,35,0,2.57,2,66.7,68.95,1.93,1.97,0,0
1717,82,750,11,0.16,889.76,840,115.44,90,0,4.21,4,67.65,70.8,1.91,1.92,0,0
1718,93,750,11,0.16,936.77,900,84.71,72,0,4.03,4,63.82,68.93,1.92,1.96,0,0
1719,115,1000,2,0.26,484.17,480,58.34,30,0,2.32,2,60.95,68.7,1.93,1.97,0,0
1720,72,750,5,0.15,1900.83,900,100.11,96,0,4.49,5,65.88,67.93,1.9,1.88,0,0
1721,93,750,0,0.17,832.9,720,73.94,69,0,3.55,4,60.53,65.73,1.93,1.97,0,0
1722,97,750,1,0.16,783.09,780,85.06,66,0,3.74,4,60.9,67.73,1.92,1.95,0,0
1723,92,750,0,0.16,889.57,840,84.03,70,0,3.97,4,62.51,67.73,1.92,1.94,0,0
1724,74,1000,6,0.21,648.65,630,87.86,61.5,0,3.69,3,79.11,80,1.9,1.96,0,0
1725,168,1000,2,0.26,515.71,480,51.6,34,0,2.63,3,67.8,71.8,1.89,1.96,0,0
1726,141,1000,19,0.25,511.49,540,60.89,36,0,2.72,3,69.03,77.5,1.92,1.93,0,0
1727,107,1000,2,0.23,513.08,540,67.25,48,0,2.95,3,68.18,75.8,1.91,1.9,0,0
1728,104,1000,0,0.24,579.23,600,66.18,46.5,0,3.16,3,76.97,85.75,1.9,1.9,0,0
1729,64,750,0,0.18,777.19,750,55.22,37.5,0,3.16,3,56.48,69.4,1.45,1.84,0,0
1730,144,1000,0,0.26,548.33,600,56.85,41,0,2.81,3,71.64,77.55,1.91,1.91,0,0
1731,78,750,1,0.15,869.23,840,96.63,89.5,0,4.03,4,60.32,67.53,1.94,1.97,0,0
1732,14,750,0,0.15,1058.57,1020,146.93,143.5,0,5.14,5,77.85,78.2,1.92,1.96,0,0
1733,42,750,0,0.17,765.71,720,97.1,69.5,0,3.74,3,63.71,70.2,1.93,1.955,0,0
1734,83,750,0,0.16,884.82,840,90.16,71,0,4.18,4,65.77,68.4,1.92,1.95,0,0
1735,127,750,0,0.13,553.23,480,69.24,32,0,3.06,2,39.33,44.93,1.96,1.98,0,0
1736,35,750,0,0.16,1119.43,1140,112.46,116,0,4.54,5,72.05,76.93,1.93,1.97,0,0
1737,49,750,0,0.46,598.78,600,76.33,31,0,1.96,2,89.91,91.87,2.13,2.12,0,0
1738,86,750,7,0.16,918.14,900,94.27,76,0,3.97,4,64.57,70.33,1.93,1.97,0,0
1739,23,1000,0,0.22,696.52,660,95.52,65,0,4.04,4,90.17,91.2,1.89,1.89,0,0
1740,84,750,5,0.17,804.29,780,89.1,73.5,0,3.86,4,64.84,68.93,1.91,1.935,0,0
1741,150,1000,2,0.26,539.2,540,56.61,42,0,2.79,3,71.93,78.2,1.91,1.91,0,0
1742,72,750,1,0.19,810.83,780,92.38,68,0,3.36,3,65.49,68.4,1.92,1.95,0,0
1743,165,1000,4,0.23,510.91,540,52.25,36,0,2.7,2,62.64,69.4,1.91,1.98,0,0
1744,74,750,5,0.46,570.81,540,51.32,37.5,0,1.88,2,86.72,86,2.12,2.12,0,0
1745,85,750,3,0.16,945.18,960,89.38,70,0,3.87,4,63.42,68,1.93,1.97,0,0
1746,54,750,0,0.17,811.11,780,96.93,75,0,3.61,3,61.1,72.2,1.94,1.97,0,0
1747,79,750,1,0.15,881.01,840,103.23,95,0,4.38,4,65.25,71.73,1.92,1.96,0,0
1748,90,750,0,0.17,866,840,82.2,67,0,3.8,4,65.95,72.07,1.93,1.96,0,0
1749,88,750,2,0.16,882.95,840,91.42,69,0,3.94,4,62.62,68.13,1.9,1.895,0,0
1750,74,750,2,0.15,906.49,900,100.15,84,0,4.49,4,65.44,70.73,1.93,1.97,0,0
1751,130,1000,5,0.26,502.62,480,56.87,31.5,0,2.47,2,63.22,67.7,1.93,1.97,0,0
1752,89,750,3,0.16,921.57,840,89.85,81,0,4.27,4,66.48,67.87,1.93,1.96,0,0
1753,168,1000,3,0.26,523.93,540,57.29,34,0,2.71,3,70.12,73.9,1.93,1.97,0,0
1754,89,750,0,0.14,894.61,900,95.37,88,0,4.19,4,60.56,66.53,1.93,1.97,0,0
1755,83,750,3,0.47,561.69,540,44.57,33,0,1.87,2,86.99,86.93,2.13,2.13,0,0
1756,71,750,10,0.17,825.63,840,83.52,70,0,3.66,3,62.48,71.07,1.94,1.97,0,0
1757,86,750,7,0.16,819.07,780,80.79,76,0,3.85,4,62.9,69.4,1.92,1.93,0,0
1758,85,750,0,0.17,862.59,840,83.67,68,0,3.99,4,66.58,74.53,1.93,1.97,0,0
1759,98,750,3,0.16,791.63,780,84.26,68.5,0,3.66,4,57.38,63.47,1.94,1.97,0,0
1760,37,750,0,0.39,634.05,660,58.78,54,0,2.32,2,90.52,93.47,2.11,2.11,0,0
1761,78,750,13,0.16,837.69,780,87.08,69,0,3.81,4,60.79,67.6,1.93,1.96,0,0
1762,87,750,0,0.17,859.31,840,90.44,75,0,3.98,4,65.77,69.87,1.93,1.97,0,0
1763,106,750,2,0.15,662.26,690,69.05,57.5,0,3.33,3,49.78,64.47,1.95,1.975,0,0
1764,91,750,3,0.43,545.93,540,42.42,27,0,1.93,2,84.06,88.8,2.13,2.13,0,0
1765,183,750,0,0.07,125.57,60,22.55,3,0,1.46,1,9.63,3.07,1.99,1.99,0,0
1766,130,750,6,0.15,561.23,600,60.75,32,0,2.84,2.5,42.96,54.13,1.95,1.98,0,0
1767,66,750,3,0.18,896.36,840,92.85,80,0,3.62,3,65.94,72.07,1.92,1.95,0,0
1768,156,1000,10,0.26,518.08,540,56.9,32.5,0,2.59,2,66.78,72.45,1.91,1.9649999999999999,0,0
1769,152,1000,6,0.24,525.39,540,65.47,49.5,0,2.78,3,67.62,73.8,1.93,1.97,0,0
1770,83,750,0,0.16,794.46,780,78.16,73,0,3.65,3,58.31,63.73,1.93,1.98,0,0
1771,39,750,1,0.17,880,840,96.28,82,0,3.9,4,65.86,70,1.91,1.91,0,0
1772,173,1000,4,0.26,541.04,540,48.38,32,0,2.62,2,68.82,74.2,1.93,1.96,0,0
1878,476,750,49,0.09,71.09,60,6.49,1,0,1.3,1,11.17,8.87,1.98,2,0,0
1879,1362,750,106,0.12,95.11,60,1.92,0,0,1.24,1,15.48,13.87,1.99,2,0,0
1880,838,875,28,0.1,130.02,120,3.25,0,0,1.26,1,12.69,11.2,2.04,2.04,0,0
1882,828,875,62,0.12,141.59,120,2.93,0,0,1.26,1,14.5,12.91,2.01,2.02,0,0
1883,731,875,64,0.11,154.31,120,4.13,0,0,1.31,1,14.82,12.8,2.04,2.05,0,0
1885,1372,875,245,0.13,145.15,120,1.5,0,0,1.19,1,15.3,13.83,2.01,2.01,0,0
1886,1357,875,0,0.11,128.67,120,1.6,0,0,1.2,1,13.65,12.34,2.03,2.03,0,0
1887,422,875,9,0.11,132.23,120,2.42,0,0,1.21,1,13.38,12.23,2.01,2.01,0,0
1889,780,750,127,0.14,108.31,120,5.07,1,0,1.26,1,17.09,13.67,1.95,1.98,0,0
1890,1015,875,0,0.09,106.4,120,2.5,1,0,1.22,1,10.47,9.03,2.02,2.03,0,0
1891,1332,875,0,0.12,132.57,120,1.67,0,0,1.22,1,14.08,12.91,2.01,2.01,0,0
1893,964,875,17,0.1,121.18,120,2.41,0,0,1.26,1,12.37,11.77,2.03,2.03,0,0
1894,162,875,24,0.07,231.11,240,12.02,6,0,1.65,2,11.8,12.29,2.04,2.05,0,0
1896,811,875,247,0.11,136.72,120,2.9,1,0,1.34,1,14.49,13.37,2.04,2.05,0,0
1897,1283,875,0,0.11,129.4,120,1.85,0,0,1.19,1,13.15,11.77,2.02,2.02,0,0
1898,842,875,159,0.11,140.67,120,2.98,0,0,1.28,1,13.49,11.54,2.03,2.03,0,0
1900,1036,875,348,0.11,149.19,120,2.29,0,0,1.22,1,13.9,12.17,2,2,0,0
1901,920,875,19,0.11,139.24,120,2.9,0,0,1.26,1,14.14,12.69,2.02,2.02,0,0
1903,567,875,37,0.12,144.55,120,3.05,0,0,1.28,1,14.75,12.46,2.01,2.02,0,0
1904,1301,875,25,0.11,128.67,120,1.81,0,0,1.2,1,13.23,12.23,2.03,2.03,0,0
1905,640,875,91,0.05,123.38,120,6.49,1,0,1.39,1,6.42,5.49,2.06,2.06,0,0
1906,694,875,1,0.12,245.53,120,3.14,0,0,1.3,1,15.07,12.69,2.03,2.03,0,0
1907,963,875,96,0.11,141.31,120,2.78,0,0,1.25,1,13.68,12.23,2.01,2.02,0,0
1908,568,750,132,0.13,86.62,60,3.54,0,0,1.29,1,16.89,12.67,2.04,2.03,0,0
1909,890,875,35,0.11,137.66,120,3.4,0,0,1.24,1,13.76,12.11,2.03,2.03,0,0
1910,940,875,3,0.11,147.57,120,2.78,0,0,1.25,1,14.27,12.57,2.02,2.02,0,0
1911,980,875,36,0.1,121.65,120,2.08,0,0,1.22,1,12.71,11.54,2.01,2,0,0
1912,1244,875,22,0.12,134.76,120,1.88,0,0,1.22,1,14.19,13.03,2.01,2.01,0,0
1913,1281,750,10,0.13,93.21,60,2.52,0,0,1.25,1,16.35,15.07,1.99,2,0,0
1915,1191,875,42,0.11,135.01,120,1.8,0,0,1.21,1,13.73,12.46,2.02,2.02,0,0
1917,834,875,96,0.09,123.6,120,3.2,0,0,1.26,1,11.77,10.63,2,2,0,0
1918,1212,875,0,0.11,136.98,120,1.89,0,0,1.22,1,13.88,12.57,2.02,2.02,0,0
1919,895,875,7,0.11,136.16,120,2.35,0,0,1.27,1,14.23,12.46,2.01,2.01,0,0
1920,810,875,118,0.12,154.44,120,3.14,0,0,1.3,1,15.76,12.91,2,2.01,0,0
1921,1036,875,11,0.11,135.52,120,2.38,0,0,1.2,1,13.68,12.34,2.01,2.01,0,0
1923,1217,875,8,0.12,141.74,120,1.91,0,0,1.22,1,14.82,13.14,2.02,2.02,0,0
1924,1031,875,64,0.11,137.28,120,1.69,0,0,1.26,1,14.42,12.8,2.02,2.02,0,0
1925,1155,875,14,0.12,142.91,120,2.04,0,0,1.23,1,14.58,13.37,2.02,2.02,0,0
1927,1088,875,17,0.11,132.79,120,2.17,0,0,1.23,1,13.59,12.46,2.01,2.01,0,0
1928,1081,875,0,0.1,121.94,120,2.01,0,0,1.25,1,13.08,12.11,2.03,2.03,0,0
1929,915,875,60,0.11,135.41,120,2.84,0,0,1.24,1,13.26,11.77,2.03,2.03,0,0
1930,790,875,8,0.11,139.75,120,3.57,0,0,1.28,1,13.76,11.77,2.03,2.03,0,0
1932,1010,875,147,0.11,136.57,120,2.49,0,0,1.26,1,13.92,12.46,2.01,2.01,0,0
1933,1182,750,216,0.13,94.06,120,2.39,0,0,1.23,1,15.61,14.53,2.01,2.02,0,0
1934,1023,875,24,0.12,145.28,120,2.81,0,0,1.24,1,14.51,12.23,2.01,2.02,0,0
1935,926,875,34,0.11,135.1,120,1.88,0,0,1.23,1,13.5,11.77,2.02,2.03,0,0
1937,759,750,100,0.14,116.6,120,2.87,1,0,1.33,1,18.44,15.33,1.95,1.96,0,0
1938,633,875,65,0.11,144.27,120,4.71,0,0,1.33,1,14.1,11.66,2.02,2.02,0,0
1940,1347,750,1,0.13,92.07,60,2.07,0,0,1.23,1,15.42,14.13,2,2.02,0,0
1942,1093,875,1,0.12,132.35,120,2.03,0,0,1.23,1,14.35,13.14,2.02,2.02,0,0
1943,570,875,91,0.06,157.16,120,7.35,2,0,1.43,1,9.11,8,2.08,2.07,0,0
1946,574,680,8,0.18,150.31,120,6.09,1,0,1.36,1,23.89,18.97,1.98,1.99,0,0
1950,1033,750,155,0.15,119.42,120,2.81,1,0,1.25,1,18.96,14.93,1.97,1.98,0,0
1951,330,680,20,0.18,153.82,120,5.82,2,0,1.38,1,24.96,21.76,1.98,1.98,0,0
1952,342,875,15,0.16,285.61,300,7.65,5,0,1.62,2,26.23,27.09,2.04,2.05,0,0
1953,1334,875,0,0.11,123.37,120,1.66,0,0,1.2,1,13.2,12.34,2.03,2.03,0,0
1954,754,750,170,0.14,101.14,120,3.12,0,0,1.26,1,17.34,15.73,1.98,2,0,0
1955,625,875,181,0.08,126.53,120,6.96,0,0,1.32,1,10.41,8,2.05,2.06,0,0
1956,75,750,0,0.2,746.4,780,68.33,59,0,3.48,3,70.73,72.4,1.94,1.97,0,0
1975,193,875,118,0.08,233.47,240,12.66,6,0,1.54,2,12.49,13.37,2.07,2.06,0,0
1976,1026,372,0,0.18,38.54,60,9.08,5,0,0.98,1,17.31,15.32,1.87,1.99,0,0
1977,392,372,0,0.11,47.91,60,8.5,4,0,1.23,1,13.31,12.5,2.01,2.01,0,0
1978,774,372,0,0.13,61.78,60,7.5,5,0,1.25,1,15.96,15.05,2.01,2.01,0,0
1979,544,372,0,0.14,66.07,60,7.26,6,0,1.23,1,16.86,15.59,2,2.01,0,0
1980,889,372,0,0.13,68.3,60,8.04,6,0,1.33,1,17.91,16.94,2.01,2.01,0,0
1981,850,372,0,0.13,58.66,60,7.1,5,0,1.26,1,15.9,14.52,2,2,0,0
1982,730,372,0,0.14,67.73,60,8.8,7,0,1.28,1,17.59,16.26,2.02,2.025,0,0
1983,286,372,0,0.14,92.73,60,12.92,7,0,1.77,2,25.55,24.33,1.98,1.98,0,0
1984,703,372,0,0.15,67.77,60,8.3,6,0,1.24,1,18.39,17.47,2.01,2.01,0,0
1985,1084,372,0,0.1,48.15,60,5.78,4,0,1.2,1,12.48,12.1,1.98,1.98,0,0
1986,903,372,0,0.13,58.07,60,6.49,5,0,1.26,1,16.82,16.67,2,2,0,0
1987,874,372,0,0.12,53.82,60,6.96,5,0,1.23,1,15.08,13.98,2,2.01,0,0
1988,1019,372,0,0.11,48.52,60,7.02,5,0,1.25,1,13.39,12.37,1.98,1.99,0,0
1989,829,372,0,0.12,52.55,60,6.71,5,0,1.18,1,14.71,13.98,2.02,2.02,0,0
1990,752,372,0,0.2,27.45,0,10.53,4,0,0.77,1,15.15,13.71,1.99,1.99,0,0
1991,972,372,0,0.12,51.91,60,6.55,5,0,1.23,1,14.4,13.71,1.97,1.98,0,0
1992,73,372,0,0.2,121.64,120,12.49,8,0,1.67,2,33,31.18,1.97,1.97,0,0
1994,174,372,0,0.15,95.52,90,16.82,8,0,1.83,2,26.73,25.67,2,2,0,0
1995,105,372,0,0.12,89.71,60,9.41,7,0,1.74,2,21.59,20.97,2.01,2.01,0,0
1996,204,372,0,0.14,96.47,120,9.57,7,0,1.81,2,25.66,25.4,2,2,0,0
1998,280,1120,10,0.24,214.93,240,5.91,0,0,1.13,1,27.68,27.72,2,2.01,1,0
1999,443,1120,325,0.15,190.16,240,7.83,2,0,1.21,1,18.21,14.64,2.04,2.07,1,0
2000,512,1120,369,0.26,218.55,240,4.97,0,0,1.2,1,30.68,31.16,1.99,1.99,1,0
2001,342,1120,99,0.26,220.88,240,4.92,0,0,1.11,1,28.64,29.2,1.99,2,1,0
2002,293,1120,97,0.27,216.66,240,6.44,0,0,1.14,1,31.16,31.96,1.98,1.98,1,0
2003,388,1120,370,0.24,215.57,240,1.87,0,0,1.31,1,31.2,32.46,1.98,1.98,1,1
2004,371,1120,355,0.24,218.81,240,2.12,0,0,1.33,1,31.18,33.48,1.97,1.97,1,1
2005,643,1120,431,0.24,212.29,240,3.13,0,0,1.2,1,28.34,29.11,1.97,1.98,1,0
2006,616,1120,384,0.25,231.04,240,3.4,0,0,1.22,1,30.64,32.1,2.01,2.01,1,0
2007,421,1120,310,0.13,189.69,180,4.32,2,0,1.35,1,17.46,10.62,2.05,2.07,1,0
2008,393,1120,292,0.2,210.38,240,6.62,0,0,1.29,1,26.34,26.07,2.02,2.03,1,0
2009,512,1120,224,0.26,223.71,240,5.41,0,0,1.15,1,30.3,30.45,1.98,2,1,0
2010,116,1120,40,0.24,204.31,240,11.74,1,0,1.09,1,26.36,25.89,1.99,2.0149999999999997,1,0
2011,487,1120,329,0.18,207.97,240,8.81,1,0,1.23,1,22.22,18.75,2.05,2.06,1,0
2012,506,1120,328,0.22,211.54,240,5.28,0,0,1.21,1,26.67,25.76,2,2.01,1,0
2013,626,1120,398,0.26,242.49,240,3.13,0,0,1.23,1,32.49,33.57,1.99,1.99,1,0
2014,649,1120,343,0.27,236.49,240,2.78,0,0,1.16,1,31.82,33.57,1.99,2,1,0
2015,182,1120,73,0.28,229.78,240,6.96,0,0,1.23,1,33.9,35.76,1.97,1.98,1,0
2016,569,1120,382,0.18,193.29,180,5.15,2,0,1.16,1,20.75,15,2.04,2.07,1,0
2017,294,1120,71,0.27,224.9,240,6.95,0,0,1.09,1,29.14,29.87,1.98,2,1,0
2018,402,1120,388,0.22,205.97,240,2.16,0,0,1.32,1,29.58,31.52,2,2,1,1
2019,277,1120,47,0.3,237.18,240,5.64,0,0,1.09,1,32.99,34.02,1.98,1.98,1,0
2020,47,1120,4,0.24,202.98,240,1.13,0,0,1.4,1,33.96,36.07,1.96,1.96,1,1
2021,247,1120,87,0.26,210.85,240,7.78,1,0,1.09,1,28.02,28.57,1.99,1.99,1,0
2022,759,1120,380,0.21,204.82,240,3.39,0,0,1.21,1,25.52,24.64,1.99,2.01,1,0
2023,505,1120,16,0.22,202.46,240,3.03,1,0,1.09,1,23.43,20.8,2.02,2.03,1,0
2024,486,1120,386,0.21,228.64,240,6.36,1,0,1.27,1,26.57,25.76,2.02,2.02,1,0
2034,749,372,0,0.14,29.8,0,9.5,5,0,1.36,1,19.68,18.01,1.86,2,0,0
2044,5,372,0,0.04,12,0,131.4,2,0,1.2,1,4.57,3.49,2.04,2.05,0,0
2047,4,750,0,0.14,0,0,98.5,84.5,0,5.5,5.5,77.43,77.4,1.96,1.96,0,0
2050,570,1000,2,0.15,138.11,120,5.16,1,0,1.15,1,17.58,15.15,2.05,2.06,1,0
2051,501,1000,0,0.13,140.96,120,5.02,1,0,1.28,1,16.64,14.2,2.05,2.05,1,0
2052,712,1000,1,0.13,116.29,120,5.27,1,0,1.2,1,15.86,14,2.05,2.06,1,0
2053,728,1000,60,0.12,123.54,120,3.94,1,0,1.21,1,14.14,11.5,2.06,2.07,1,0
2054,555,1000,6,0.12,124.32,120,5.82,1,0,1.32,1,15.77,13.4,2.05,2.06,1,0
2058,394,775,0,0.23,0,0,54.18,20,0,3.28,3,75.97,78.26,1.99,1.99,0,0
2059,372,775,0,0.21,0,0,48.55,18,0,3.26,3,68.64,73.87,1.99,1.98,0,0
2060,388,775,1,0.19,3.56,0,45.32,18,0,2.94,3,57.21,60.9,1.99,1.99,0,0
2062,321,775,0,0.18,0,0,75.55,57,0,3.87,4,69.52,70.71,1.97,1.97,0,0
2065,288,750,0,0.17,102.92,0,81.25,58.5,0,3.97,4,68.12,73.2,2,2,0,0
2066,231,750,0,0.21,46.49,0,49.28,22,0,3.81,3,81.89,73.33,2.09,2.08,0,0
2067,221,750,0,0.24,25.25,0,61.9,21,0,3.09,3,72.74,71.2,2.11,2.1,0,0
2070,532,625,2,0.28,160.71,0,27.54,16,0,2.68,3,74.69,76.48,1.98,1.99,0,0
2071,270,500,0,0.16,154,0,89.5,63,0,4,4,64.86,67,2.01,2,0,0
2072,298,500,0,0.15,102.68,0,77.72,51,0,3.84,4,58.75,61.4,2,2,0,0
2076,284,500,0,0.14,121.48,0,78.96,44,0,3.7,4,52.39,55.2,2.01,2.01,0,0
2078,258,500,0,0.16,183.72,0,93.52,64.5,0,4.1,4,63.83,65.9,1.99,2.01,0,0
2079,305,500,0,0.16,120.59,0,75.85,67,0,3.98,4,62.68,64.8,2,2.01,0,0
2081,285,500,0,0.15,95.16,0,75.96,64,0,3.86,4,59.21,60.4,2.01,2.01,0,0
2084,350,775,43,0.23,141.43,0,52.92,37,0,3.44,3,78.75,81.68,1.99,1.98,0,0
2086,353,775,15,0.24,288.61,0,59.63,23,0,3.29,3,80.18,82.45,1.98,1.98,0,0
2093,273,500,0,0.15,163.74,0,74.8,61,0,3.94,4,60.45,62,2.02,2.01,0,0
2094,300,500,0,0.16,145.2,0,75.32,52,0,3.84,4,61.19,64.5,2,2,0,0
2095,71,500,0,0.16,163.94,0,85.62,72,0,3.96,4,62.64,65.6,1.98,2,0,0
2098,412,775,0,0.23,79.37,0,47.85,22,0,3.16,3,71.11,72,1.98,1.99,0,0
2099,346,775,32,0.23,133.7,0,60.25,23.5,0,3.39,3,77.51,81.35,1.98,1.98,0,0
2100,299,775,0,0.22,0,0,61.95,35,0,3.52,3,78.2,80.9,2,1.99,0,0
2101,436,775,34,0.25,234.91,0,42.41,24,0,3.11,3,77.1,79.61,1.99,1.98,0,0
2102,310,775,0,0.25,295.35,0,52.21,22.5,0,3.13,3,77.36,79.61,1.98,1.98,0,0
2103,340,775,27,0.23,141.35,0,68.69,36,0,3.33,3,76.55,78.97,1.91,1.98,0,0
2104,295,775,0,0.22,176.95,0,64.12,21,0,3.25,3,72.22,76.52,1.98,1.99,0,0
2105,403,775,44,0.25,214.99,0,48.53,28,0,3.25,3,81,84.13,1.99,1.99,0,0
2106,414,500,0,0.36,184.93,0,45.22,20,0,3.05,3,110.01,116.3,0.9,0.44,0,0
2107,369,775,0,0.24,237.07,0,52.73,29,0,3.31,3,80.97,83.1,1.99,1.99,0,0
2109,214,750,0,0.14,108.5,0,78.22,60.5,0,3.97,4,55.93,60.27,1.98,1.99,0,0
2112,333,775,0,0.23,105.41,0,46.82,26,0,3.24,3,74.29,77.16,1.98,1.98,0,0
2114,285,625,0,0.26,83.58,0,32.5,18,0,2.96,3,76.15,78.4,1.99,1.99,0,0
2115,209,775,0,0.21,403.35,0,62.49,36,0,3.57,3,74.54,76.9,1.97,1.98,0,0
2116,164,775,0,0.22,508.17,0,90.6,33,0,3.58,3,78.65,80.71,1.97,1.98,0,0
2117,78,775,0,0.17,379.23,0,95.15,82,0,4.36,4,72.48,76.32,1.98,1.99,0,0
2118,85,775,0,0.17,413.65,0,120.65,85,0,4.47,4,75.02,79.35,2,1.99,0,0
2127,235,625,14,0.31,272.68,0,31.38,14,0,2.55,2,80.28,83.84,1.98,1.98,0,0
2130,771,1000,61,0.13,153,120,5,1,0,1.1,1,14.73,12.6,2.07,2.07,1,0
2132,341,1000,0,0.12,132.14,120,13.48,2,0,1.24,1,14.67,11,2.08,2.08,1,0
2133,881,1000,25,0.13,129.94,120,3.3,1,0,1.13,1,14.29,12.4,2.07,2.07,1,0
2134,723,1000,54,0.11,128.13,120,2.89,1,0,1.2,1,13.5,12.2,2.07,2.07,1,0
2146,528,625,0,0.3,14.89,0,35.1,12,0,2.58,2,76.92,76.96,1.98,1.98,0,0
2147,142,625,0,0.25,0,0,194.3,14.5,0,3.1,3,78.86,80.48,1.99,1.98,0,0
2148,273,750,13,0.15,94.51,0,83.35,48,0,4.09,4,63.02,64.93,1.99,1.99,0,0
2149,224,750,0,0.14,0,0,92.48,62.5,0,4.31,4,62.15,65.2,1.99,1.99,0,0
2151,245,750,0,0.16,75.67,0,97.04,65,0,4.62,4,74.42,76.4,1.99,1.99,0,0
2153,427,625,0,0.26,0,0,29.92,17,0,2.86,3,75.4,77.28,1.99,1.99,0,0
2154,253,500,0,0.16,126.4,0,95.41,57,0,3.93,4,61.5,63.4,2,2,0,0
2155,303,500,0,0.21,52.67,0,46.22,21,0,3.25,3,67.72,69.8,2.13,2.15,0,0
2157,200,500,0,0.15,5.4,0,73.82,55,0,3.91,4,58.19,64.6,1.98,2,0,0
2160,504,625,0,0.29,173.81,0,37.31,17,0,2.61,3,76.43,79.2,1.98,1.99,0,0
2161,428,625,0,0.24,0,0,33.97,16,0,2.77,3,65.84,71.04,1.99,1.99,0,0
2162,305,500,0,0.16,156.98,0,71.43,55,0,3.92,4,63.47,66.6,2.02,2.01,0,0
2164,349,500,0,0.15,119.48,0,66.03,43,0,3.4,3,50.92,56.8,2.03,2.02,0,0
2167,544,625,31,0.28,142.06,0,34.37,16,0,2.58,3,71.53,75.04,1.98,1.99,0,0
2168,240,500,0,0.15,195.5,0,108.33,48.5,0,3.76,4,57.98,59.2,2,2.01,0,0
2169,256,500,0,0.15,146.02,0,89.76,46,0,3.77,4,55.7,60.1,2.02,2.02,0,0
2170,234,500,0,0.16,94.36,0,100.8,50.5,0,3.88,4,60.38,65.1,2.01,2.01,0,0
2173,373,775,0,0.25,227.13,0,49.23,25,0,3.31,3,82.97,84.65,1.98,1.99,0,0
2174,314,775,0,0.24,35.54,0,56.87,33.5,0,3.4,3,80.46,82.97,2,1.99,0,0
2176,389,775,0,0.23,140.21,0,51.39,25,0,3.26,3,75.7,78.19,1.99,1.99,0,0
2178,406,775,0,0.25,260.84,0,43.83,26,0,3.25,3,80.38,82.84,1.99,1.99,0,0
2180,325,775,1,0.23,67.2,0,55.62,30,0,3.48,3,78.59,81.94,2,1.99,0,0
2184,189,750,0,0.15,53.97,0,81.26,56,0,4.12,4,60.08,60.4,1.99,1.99,0,0
2185,176,750,0,0.17,90.68,0,79.63,50.5,0,4.03,4,67.45,69.93,2,2,0,0
2190,152,750,0,0.13,179.61,0,118.11,87.5,0,5.13,5,68.06,71.67,1.96,1.98,0,0
2194,208,775,0,0.21,493.85,0,65.35,42,0,3.56,3,74.69,76.77,1.98,1.98,0,0
2195,185,775,9,0.21,330.16,0,55.68,26,0,3.43,3,70.31,80,1.87,1.99,0,0
2202,135,625,0,0.3,670.67,720,46.27,20,0,2.45,2,73.53,77.12,1.95,1.99,0,0
2203,726,1120,0,0.12,115.12,120,3.63,0,0,1.22,1,14.14,13.04,2.05,2.05,1,0
2204,36,1120,3,0.06,430,330,87.25,76,0,4.67,4,29.16,22.14,1.98,1.97,1,0
2205,427,1120,0,0.2,283,300,7.19,2,0,1.37,1,26.99,27.32,2.02,2.02,1,0
2206,709,1120,0,0.1,96.22,120,2.39,0,0,1.27,1,13.22,12.59,2.04,2.04,1,0
2207,332,1120,71,0.07,130.3,120,16.39,3,0,1.51,1,10.12,7.5,2.07,2.08,1,0
2208,702,980,147,0.12,139.57,120,2.17,0,0,1.17,1,14.58,14.08,2.05,2.05,1,0
2209,518,1120,194,0.16,215.21,240,6.28,2,0,1.4,1,23.06,24.96,2.04,2.03,1,0
2210,503,1120,77,0.09,129.78,120,10.65,0,0,1.36,1,11.6,9.38,2.07,2.07,1,0
2211,340,1120,1,0.1,128.29,120,9.96,3,0,1.49,1,15.18,14.29,2.04,2.04,1,0
2212,769,980,232,0.14,158.23,120,1.18,0,0,1.14,1,15.5,14.39,2.05,2.05,1,0
2213,274,840,57,0.07,122.63,120,15.97,1,0,1.4,1,9.9,8.87,2.05,2.05,1,0
2215,138,840,30,0.05,133.91,120,56.83,21,0,2.24,2,11.7,9.76,2.04,2.04,1,0
2217,1085,980,483,0.13,136.2,120,1.25,0,0,1.13,1,14.91,14.08,2.03,2.04,1,0
2218,1165,1000,211,0.23,134.42,120,3.42,1,0,1.15,1,26.75,26.8,1.99,2,1,0
2219,519,980,441,0.13,160.12,120,2.23,0,0,1.14,1,15.37,13.67,2.08,2.08,1,0
2220,797,980,484,0.14,149.89,120,1.45,0,0,1.14,1,15.57,14.59,2.03,2.03,1,0
2221,696,1000,254,0.25,216.81,240,3.31,1,0,1.23,1,30.77,30.5,1.99,1.99,1,0
2222,846,1000,336,0.13,161.7,120,3.36,1,0,1.22,1,16.52,14.35,2.03,2.03,1,0
2259,79,1260,8,0.25,372.15,0,61.37,32,0,3.11,3,77.28,77.86,1.99,1.99,0,0
2261,92,980,0,0.28,0,0,21.65,12,0,2.6,3,73.29,73.72,2.02,2.02,0,0
2262,88,980,0,0.27,0,0,16.55,12,0,2.72,3,72.41,73.42,2.02,2.02,0,0
2264,103,980,0,0.28,0,0,16.71,11,0,2.64,3,73.79,74.29,2.02,2.02,0,0
2266,92,980,12,0.27,200.87,0,45.65,22,0,2.74,3,73.58,73.27,2.02,2.02,0,0
2267,125,980,2,0.29,257.76,0,49.92,22,0,2.53,2,72.62,73.16,2.02,2.02,0,0
2268,128,980,35,0.29,286.41,0,38.44,23,0,2.44,2,70.52,71.53,2.01,2.01,0,0
2269,128,980,44,0.3,312.66,240,27.27,19.5,0,2.39,2,71.66,73.72,2.02,2.02,0,0
2270,74,1260,12,0.25,372.16,0,49.57,28,0,3,3,74.5,78.29,1.99,1.99,0,0
2271,79,1260,23,0.25,454.18,300,64.76,34,0,2.78,3,69.41,74.84,1.99,2,0,0
2272,88,1260,43,0.26,482.73,480,66.66,44,0,2.86,2,74.77,77.42,1.99,1.99,0,0
2273,47,1260,0,0.24,0,0,68.72,16,0,3.28,3,77.64,78.89,2,2,0,0
2274,71,1260,18,0.25,420,0,73.58,42,0,3.1,3,76.39,77.86,1.99,1.99,0,0
2280,60,1260,0,0.25,0,0,29.72,19,0,3.22,3,79.51,80.28,1.99,1.99,0,0
2281,54,1260,0,0.22,0,0,39.17,24,0,3.5,3,77.56,77.94,1.99,1.99,0,0
2282,57,1260,0,0.24,0,0,29.89,21,0,3.25,3,77.56,77.94,2,2,0,0
2283,66,1260,0,0.23,0,0,30.18,20.5,0,3.39,3,77.4,78.65,1.99,1.99,0,0
2284,75,1260,4,0.25,322.4,0,48.01,32,0,3.11,3,76.39,80.24,1.99,1.99,0,0
2289,75,1260,15,0.26,453.6,0,45.4,39,0,3,3,77.35,78.49,2,2,0,0
2291,79,1260,23,0.27,444.3,240,40.65,32,0,2.78,3,76.25,79.84,1.99,1.99,0,0
2294,92,1260,5,0.26,421.3,450,50.97,43,0,2.97,3,78.26,79.68,1.99,1.99,0,0
2295,93,980,21,0.31,404.52,480,54.47,32,0,2.25,2,68.79,70.2,2.02,2.02,0,0
2297,53,1260,0,0.24,0,0,59.15,22,0,3.53,3,85,86.59,1.99,1.99,0,0
2300,50,1260,0,0.22,0,0,60.3,24,0,3.42,3,76.06,77.7,2,2,0,0
2302,82,1260,21,0.26,499.76,660,69.39,50,0,3.05,3,79.77,80.44,1.99,1.99,0,0
2304,82,1260,18,0.25,430.98,360,61.71,38,0,3,3,73.59,76.35,2,2,0,0
2305,66,1260,0,0.23,0,0,52.26,19.5,0,3.32,3,77.36,77.86,2,2,0,0
2307,89,980,0,0.27,0,0,26.94,13,0,2.76,3,74.07,76.12,2.02,2.02,0,0
2308,107,980,36,0.31,313.46,0,38.95,22,0,2.48,2,77.8,78.27,2.01,2.02,0,0
2311,70,980,0,0.27,0,0,43.23,11,0,2.66,3,72.7,73.57,2.02,2.02,0,0
2312,99,980,0,0.26,0,0,19.43,11,0,2.76,3,72.73,73.57,2.02,2.02,0,0
2319,97,1260,43,0.26,434.23,0,57.77,39,0,2.89,3,75.08,77.22,1.99,1.99,0,0
2322,60,1260,0,0.23,0,0,35.88,22,0,3.45,3,78.47,78.37,2,2,0,0
2323,93,1260,21,0.26,461.94,480,48.43,36,0,3.03,3,79.09,82.78,1.99,1.99,0,0
2326,90,1260,3,0.25,352.67,0,65.22,43.5,0,2.91,3,72.05,77.26,1.99,1.99,0,0
2328,53,1260,0,0.22,0,0,69.13,21,0,3.42,3,76.5,77.54,1.99,1.99,0,0
2330,93,980,0,0.25,0,0,30.27,10,0,2.84,3,69.86,70.2,2.02,2.02,0,0
2333,68,1260,14,0.25,436.76,360,58.07,35.5,0,3.07,3,76.92,80.6,1.99,1.99,0,0
2335,60,1260,0,0.25,0,0,55.62,16,0,3.15,3,79.81,80.56,1.99,1.99,0,0
2337,76,1260,33,0.27,407.37,300,46.58,34,0,2.72,3,73.5,76.03,1.99,1.99,0,0
2338,89,1260,40,0.22,417.98,180,62.53,36,0,3.17,3,71.01,74.05,1.99,1.99,0,0
2339,82,1260,5,0.25,409.76,0,71.67,27.5,0,2.95,3,73.19,75.79,2,2,0,0
2340,92,1260,22,0.26,442.17,480,57.84,35,0,2.93,3,75.76,80.08,1.99,1.99,0,0
2341,55,1260,0,0.24,0,0,42.84,22,0,3.4,3,80.07,81.75,2,2,0,0
2342,92,1260,22,0.26,463.7,450,64.42,41.5,0,2.99,3,77.63,78.89,1.99,1.995,0,0
2343,90,1260,22,0.26,405.33,0,41.92,37.5,0,2.91,3,76.57,78.53,1.99,1.99,0,0
2344,51,1260,0,0.22,0,0,44.71,23,0,3.43,3,76.19,77.3,2,2,0,0
2349,74,980,0,0.17,0,0,65.19,56.5,0,4.04,4,69.42,70.61,2,2,0,0
2350,60,980,15,0.15,322,0,85.15,77,0,4.07,4,61.82,71.22,2,2,0,0
2351,95,1260,0,0.27,389.68,0,40.32,36,0,2.93,3,78.75,82.22,1.99,1.99,0,0
2352,89,1260,32,0.25,386.97,180,45.1,35,0,2.91,3,73.27,77.3,1.99,1.99,0,0
2353,85,1260,1,0.26,403.06,0,46.01,40,0,2.99,3,78.15,79.76,1.99,1.99,0,0
2354,78,1260,14,0.23,383.85,60,70.04,38.5,0,3.21,3,73.45,78.89,1.98,1.99,0,0
2358,90,1260,8,0.27,390.67,0,45.37,32,0,2.86,3,75.87,77.82,1.99,1.99,0,0
2359,81,1260,22,0.24,471.85,600,74.65,44,0,3.21,3,77.48,78.89,1.99,1.99,0,0
2364,87,1260,12,0.26,484.14,420,48.76,41,0,2.99,3,77.15,80.56,1.99,1.99,0,0
2365,50,1260,0,0.2,0,0,65.24,26.5,0,3.78,3,76.95,78.57,2,2,0,0
2366,91,1260,10,0.26,387.03,300,53.11,31,0,2.68,3,70.16,74.84,2,2,0,0
2367,59,1260,0,0.22,0,0,39.66,24,0,3.59,3,79.09,80.48,1.99,1.99,0,0
2368,96,1260,10,0.27,385,60,55.54,30,0,2.75,3,74.3,78.65,1.99,1.99,0,0
2370,55,1260,0,0.23,0,0,32.47,23,0,3.36,3,77.99,78.57,2,2,0,0
2372,61,1260,0,0.24,0,0,47.03,18,0,3.23,3,77.42,78.73,1.99,1.99,0,0
2373,56,1260,0,0.21,0,0,65.73,26.5,0,3.73,3,77.79,78.97,1.99,1.99,0,0
2374,98,1260,22,0.28,426.73,300,38.57,33.5,0,2.71,3,75.3,81.07,1.99,1.99,0,0
2377,83,1260,7,0.25,367.23,0,49.75,39,0,3.08,3,77.77,81.11,1.99,1.99,0,0
2378,83,1260,1,0.27,441.69,240,45.86,41,0,2.8,3,76.68,79.29,1.99,1.99,0,0
2380,74,1260,0,0.24,375.41,60,55.15,34,0,3.09,3,73.91,79.21,1.99,1.99,0,0
2381,104,1260,2,0.29,375,0,67.33,43,0,2.58,2.5,75.42,84.96,2.05,2.0549999999999997,0,0
2383,96,1260,14,0.28,411.25,0,53.07,45,0,2.56,2,70.55,83.21,2.04,2.01,0,0
2412,384,775,0,0.21,0,0,60.66,20,0,3.33,3,71.34,76.39,1.99,1.99,0,0
2424,320,625,0,0.28,0,0,28.04,17,0,2.56,3,72.14,74.4,1.96,1.98,0,0
2443,22,900,0,0.22,237.27,150,12.27,7,0,1.32,1,28.8,17.78,2.06,2.065,0,0
2444,16,775,0,0.24,1440,840,0.5,0.5,0,1,1,23.59,20.65,2.22,2.175,0,0
2446,166,1050,0,0.42,0,0,8.82,5,0,0.99,1,41.66,44.67,2.03,2.04,0,0
2447,169,775,0,0.13,16.33,0,32.02,6,0,1.13,1,14.3,13.81,2.09,2.09,0,0
2449,1039,1000,94,0.19,120.98,120,1.71,0,0,1.03,1,19.86,20.3,2.02,2.02,1,0
2450,1085,1000,114,0.19,124.42,120,1.82,0,0,1.02,1,19.89,19.9,2.01,2.01,1,0
2451,1173,1000,102,0.18,124.5,120,1.51,0,0,1.03,1,18.51,18.3,2.01,2.02,1,0
2452,789,1000,107,0.21,124.18,120,1.44,0,0,1.02,1,21.11,21.5,2.01,2.01,1,0
2453,489,1000,48,0.22,125.28,120,0.53,0,0,1.01,1,22.23,22.3,2.01,2.01,1,0
2454,1223,1000,438,0.18,128.83,120,1.29,0,0,1.02,1,18.39,18,2.04,2.04,1,0
2455,761,1000,722,0.1,96.27,120,2.39,1,0,1.07,1,10.46,9.1,2.07,2.08,1,0
2456,749,1000,152,0.21,127.29,120,1.62,0,0,1.02,1,20.91,20.5,2.03,2.04,1,0
2457,1251,1000,630,0.18,123.02,120,0.62,0,0,1.03,1,18.75,18.8,2.02,2.02,1,0
2458,1240,1000,178,0.18,126.15,120,1.14,0,0,1.03,1,18.52,18.5,2.02,2.03,1,0
2459,987,1000,272,0.18,122.55,120,1.63,0,0,1.03,1,18.37,18.1,2.03,2.03,1,0
2460,518,1000,13,0.19,126.25,120,0.52,0,0,1.03,1,19.6,19.8,2.03,2.04,1,0
2461,1052,1000,13,0.19,124.16,120,0.94,0,0,1.04,1,20.17,20.9,2.01,2.01,1,0
2462,1046,1000,156,0.21,128.43,120,0.83,0,0,1.02,1,20.87,20.75,2.02,2.02,1,0
2463,366,1000,12,0.18,125.08,120,2.98,0,0,1.03,1,18.68,18,2.03,2.03,1,0
2464,1119,1000,0,0.17,124.13,120,0.91,0,0,1.03,1,17.44,17.1,2.02,2.03,1,0
2465,898,1000,18,0.16,114.39,120,2.48,0,0,1.04,1,16.75,17.3,1.96,1.97,1,0
2466,725,1000,79,0.19,121.16,120,1.49,0,0,1.02,1,19.45,19.6,2.01,2.01,1,0
2467,196,1000,44,0.05,43.78,30,17.97,8.5,0,1.07,1,5.11,3.1,2.08,2.08,1,0
2468,819,1000,149,0.17,119.12,120,1.84,0,0,1.02,1,16.9,16.9,2.03,2.03,1,0
2470,387,1000,68,0.08,109.3,120,7.18,2,0,1.05,1,8.92,7.4,2.06,2.07,1,0
2471,848,1000,0,0.15,116.53,120,1.8,0,0,1.03,1,15.91,16.5,2.04,2.04,1,0
2472,727,1000,95,0.16,120.41,120,1.16,0,0,1.03,1,16.79,17.1,2.03,2.03,1,0
2473,808,1000,0,0.15,114.43,120,1.69,0,0,1.04,1,15.95,16.6,2.04,2.04,1,0
2474,872,1000,65,0.18,121.65,120,1.2,0,0,1.02,1,18.43,18.9,1.99,1.99,1,0
2475,592,1000,0,0.16,126.79,120,0.92,0,0,1.05,1,16.86,16.4,2.01,2.01,1,0
2476,244,1000,0,0.18,117.3,120,9.21,0,0,1.04,1,18.32,19.35,2,2,1,0
2477,679,1000,238,0.15,115.94,120,3.87,0,0,1.04,1,15.81,15.8,2.04,2.04,1,0
2478,192,1000,79,0.18,121.56,120,9.36,0,0,1.02,1,18.48,18.45,2,2.01,1,0
2479,130,1000,25,0.06,67.38,60,21.62,10,0,1.16,1,6.95,4.55,2.07,2.07,1,0
2480,1139,1000,147,0.18,126.06,120,0.6,0,0,1.04,1,18.62,18.7,2,2.01,1,0
2481,721,1000,1,0.16,115.42,120,2.35,0,0,1.03,1,16.18,16.5,2.04,2.04,1,0
2482,407,1000,66,0.06,75.77,60,5.93,2,0,1.04,1,6.49,5.4,2.07,2.07,1,0
2483,643,1000,5,0.18,122.61,120,1.75,0,0,1.02,1,17.93,18.5,1.96,1.97,1,0
2484,926,1000,284,0.18,124.28,120,1.24,0,0,1.02,1,18.9,18.8,2.01,2.01,1,0
2485,801,1000,13,0.15,117.98,120,1.87,0,0,1.04,1,15.43,15.8,1.98,2,1,0
2486,769,1000,59,0.17,136.78,120,1.49,0,0,1.04,1,18.21,17.1,2.03,2.04,1,0
2487,8,1000,0,0.17,165,150,11.5,0,0,1.38,1,23.95,22.3,1.99,1.98,1,0
2489,335,1000,40,0.14,99.94,120,7.59,0,0,1.06,1,14.88,15.7,2.02,2.02,1,0
2490,970,1000,1,0.18,121.36,120,0.9,0,0,1.02,1,18.8,19.2,2.02,2.02,1,0
2491,955,1000,0,0.21,120.19,120,0.58,0,0,1.01,1,21.43,21.3,1.98,1.99,1,0
2492,900,1000,60,0.2,125.27,120,0.83,0,0,1.03,1,20.66,21.05,2,2,1,0
2493,654,1000,1,0.19,118.35,120,1.82,0,0,1.02,1,19.48,20.5,1.99,1.99,1,0
2494,1018,1000,9,0.18,122.18,120,1.01,0,0,1.02,1,18.08,18.4,2,2.01,1,0
2495,237,1000,6,0.15,109.37,120,10.08,0,0,1.07,1,16.35,17.4,2,2.02,1,0
2496,665,1000,33,0.09,92.93,60,3.24,1,0,1.04,1,9.09,7.8,2.06,2.07,1,0
2497,641,1000,588,0.14,132.92,120,2.64,0,0,1.13,1,16.25,14.3,2.03,2.04,1,0
2498,630,1000,538,0.15,130.86,120,1.56,0,0,1.12,1,16.7,15.45,2.01,2.01,1,0
2499,1219,1000,892,0.11,94.06,60,1.78,0,0,1.08,1,12.39,11.4,2.01,2.02,1,0
2500,480,1000,391,0.15,180.38,180,7.62,5,0,1.26,1,18.41,16.45,2.03,2.04,1,0
2501,750,1000,641,0.14,125.36,120,1.8,1,0,1.11,1,15.93,15,2.01,2.02,1,0
2502,1137,1000,1016,0.13,113.98,120,1.53,0,0,1.09,1,14.25,12.7,2.03,2.03,1,0
2503,755,1000,722,0.18,164.42,120,2.41,1,0,1.16,1,20.77,17.7,2.03,2.03,1,0
2504,728,1000,694,0.14,135.25,120,3.23,1,0,1.14,1,16.21,15,2.03,2.03,1,0
2505,809,1000,760,0.17,153.82,120,2.37,1,0,1.13,1,19.66,16.8,2.02,2.02,1,0
2506,728,1000,669,0.14,133.43,120,5.38,1,0,1.15,1,16.13,14.95,2.03,2.02,1,0
2507,607,1000,530,0.13,168.24,120,6.09,2,0,1.25,1,16.73,13.9,2.05,2.05,1,0
2508,601,1000,596,0.17,181.3,180,5.57,3,0,1.21,1,20.76,19,2.03,2.03,1,0
2509,990,1000,918,0.18,141.27,120,3.51,1,0,1.14,1,20.27,16.8,2.02,2.02,1,0
2510,476,1000,455,0.19,205.34,180,7,2,0,1.38,1,25.68,26.15,2,2,1,0
2511,483,1000,472,0.18,161.74,120,2.66,1,0,1.17,1,20.99,18,2.02,2.02,1,0
2512,467,1000,453,0.17,176.79,180,7.76,3,0,1.31,1,22.58,23.5,2,1.99,1,0
2513,959,1000,678,0.14,99.17,60,2.71,0,0,1.1,1,14.87,13.1,2.04,2.05,1,0
2514,721,1000,706,0.15,151.87,120,4.41,1,0,1.15,1,16.8,15.9,2.04,2.04,1,0
2515,640,1000,514,0.21,209.91,180,5.2,1,0,1.23,1,25.27,26.9,2,1.99,1,0
2516,974,1000,890,0.14,103.06,60,3.17,1,0,1.08,1,15.03,12.25,2,2.01,1,0
2517,1305,1000,994,0.17,140.78,120,1.44,0,0,1.07,1,17.77,17.8,2.01,2.01,1,0
2518,418,1000,338,0.16,137.51,120,1.91,1,0,1.16,1,18.13,16.2,2,2,1,0
2519,131,1000,128,0.18,197.86,180,7.15,4,0,1.24,1,22.64,21.3,2.01,2.01,1,0
2520,676,1000,589,0.18,147.96,120,6.53,2,0,1.16,1,21.11,19.25,2.01,2,1,0
2523,534,1000,82,0.17,120,120,3.13,0,0,1.02,1,17.87,18,2.01,2.02,1,0
2524,584,1000,27,0.17,120.82,120,2.47,0,0,1.03,1,17.15,17.5,2.01,2.01,1,0
2559,434,1000,1,0.19,124.42,120,4.9,0,0,1.03,1,19.21,18.95,1.99,2,1,0
2561,190,1000,0,0.19,126.63,120,10.41,0,0,1.03,1,19.78,20.15,1.98,1.98,1,0
2562,256,1000,84,0.19,129.84,120,7.98,0,0,1.04,1,19.91,20.1,1.99,1.99,1,0
2563,74,900,1,0.37,210.81,0,33.14,19.5,0,1.58,1,59.27,62.22,2.02,2.01,0,0
2564,53,900,4,0.39,280.75,360,40.47,18,0,1.75,1,68.03,67,1.99,1.99,0,0
2565,60,900,17,0.45,259,60,33.08,18.5,0,1.55,1,68.98,76.39,2.01,2.01,0,0
2566,34,900,1,0.23,172.94,0,98.53,90.5,0,2.74,2.5,62.29,65.94,2,1.995,0,0
2567,15,900,8,0.48,448,480,31.6,27,0,1.27,1,61.16,68.33,1.88,2.01,0,0
2568,62,900,1,0.45,115.16,0,31.42,5.5,0,1.37,1,61.02,61.61,2.01,2.02,0,0
2569,38,900,0,0.26,191.05,0,67.79,30.5,0,2.47,2,64.11,70.22,1.99,1.9849999999999999,0,0
2570,77,900,20,0.35,150.39,0,62.77,9,0,1.61,1,56.59,58,2.01,2.02,0,0
2571,72,900,16,0.38,256.67,30,32.01,11.5,0,1.65,1,62.92,64.89,1.99,2.025,0,0
2572,62,900,1,0.38,231.29,0,71.98,12.5,0,1.74,1,65.4,67.17,1.97,2.01,0,0
2573,71,900,21,0.44,195.21,0,65.07,6,0,1.51,1,66.9,67.78,1.95,2,0,0
2574,6,900,0,0.45,350,330,41.33,16,0,1,1,45.33,50.67,2.03,2.03,0,0
2575,78,900,1,0.47,166.92,0,23.67,4.5,0,1.33,1,62.29,62.5,2,2.02,0,0
2576,19,900,0,0.15,132.63,0,227,156,0,3.95,3,58.88,63.67,1.99,1.97,0,0
2577,65,900,3,0.37,177.23,0,40.2,8,0,1.55,1,57.17,57.89,2,2,0,0
2578,36,525,2,0.35,210,0,68.75,46.5,0,1.97,2,69.83,75.43,1.97,1.9649999999999999,0,0
2579,33,525,0,0.38,247.27,0,68.79,73,0,2.3,2,87.45,89.14,1.97,1.97,0,0
2580,32,525,0,0.33,228.75,0,79.5,54,0,2.56,2,85.12,90.57,1.97,1.97,0,0
2581,30,525,1,0.32,212,0,88.93,71.5,0,2.97,2,94.61,101.52,1.98,1.97,0,0
2582,47,525,10,0.39,243.83,0,53.79,21,0,2.13,2,83.87,95.81,2,1.98,0,0
2584,67,525,12,0.44,162.99,0,30.7,7,0,1.63,1,71.91,71.05,2.02,2.01,0,0
2585,15,1050,7,0.32,476,480,52.4,24,0,1.93,2,62.76,67.62,2.01,2.02,0,0
2586,53,1050,0,0.33,127.92,0,64.89,21,0,2.08,2,68.32,71.33,2.03,2.03,0,0
2587,78,1050,5,0.35,180.77,0,57.4,20,0,1.86,2,64.87,69.1,2.04,2.04,0,0
2588,13,525,7,0.32,300,360,59.54,57,0,1.77,2,57.27,60.19,1.96,2.03,0,0
2589,48,1050,0,0.38,2.5,0,24.73,18.5,0,1.69,2,64.49,68.38,2.04,2.04,0,0
2590,40,525,0,0.33,258,0,85.88,66,0,2.67,2.5,88.99,96.1,1.93,1.97,0,0
2591,43,525,6,0.32,330.7,60,59.09,13,0,2.28,1,72.46,77.33,1.98,1.97,0,0
2592,38,525,8,0.33,172.11,0,79.53,43,0,2.13,2,69.39,76.29,1.99,1.99,0,0
2593,32,525,4,0.29,277.5,30,85.12,68,0,2.53,2,74.45,82.38,1.88,1.96,0,0
2594,43,525,3,0.35,199.53,0,56,20,0,2.19,1,75.65,75.62,1.97,1.97,0,0
2595,26,525,3,0.29,320.77,0,80.92,60,0,2.85,3,81.14,90.95,1.95,1.96,0,0
2596,61,900,7,0.35,121.97,0,66.26,15,0,1.64,1,57.9,57.33,2.01,2.01,0,0
2597,80,900,7,0.39,135,0,62.62,4.5,0,1.7,1,65.98,66.78,1.99,2,0,0
2598,15,1050,2,0.36,532,540,58.2,45,0,2,2,71.07,78.86,2.01,2.02,0,0
2599,66,1050,5,0.34,221.82,0,34.76,20,0,1.94,2,66.32,71.76,2.03,2.03,0,0
2600,18,1050,10,0.38,543.33,540,36.89,33,0,1.78,2,67.15,65.57,2.01,2.0199999999999996,0,0
2601,65,525,19,0.55,256.62,360,27.62,9,0,1.46,1,79.68,83.43,1.92,1.97,0,0
2602,26,525,6,0.24,399.23,150,169.31,94,0,3.62,4,87.82,95.24,1.96,1.97,0,0
2603,54,525,2,0.28,220,120,101.93,30,0,2.46,2,68.9,71.43,1.99,1.99,0,0
2604,27,525,1,0.31,440,0,82.37,83,0,3.15,2,98.04,103.62,1.96,1.96,0,0
2605,48,525,6,0.33,276.25,0,69.56,21,0,2.44,2,79.71,81.62,1.99,1.9849999999999999,0,0
2606,28,525,7,0.27,383.57,150,118.82,96.5,0,3.61,3.5,95.64,98.38,1.96,1.97,0,0
2608,26,525,0,0.29,233.08,60,110.85,93.5,0,3.38,3,96.86,103.43,1.95,1.96,0,0
2609,38,525,4,0.36,314.21,0,52.24,25,0,2.13,2,75.8,84.76,1.97,1.97,0,0
2610,60,900,2,0.33,157,0,33.52,15.5,0,1.6,1,52.21,54.5,2.02,2.02,0,0
2611,24,525,0,0.21,612.5,0,196.71,131,0,4.54,4,95.73,102.95,1.96,1.96,0,0
2612,45,525,7,0.34,168,0,62.07,31,0,2.22,2,75.43,90.29,1.98,1.97,0,0
2613,65,525,5,0.4,214.15,0,58,6,0,1.54,1,61.39,56.38,2.03,2.04,0,0
2614,7,525,3,0.39,522.86,480,124.71,20,0,2,2,77.12,102.67,1.94,1.93,0,0
2615,26,525,5,0.35,177.69,0,70.77,24.5,0,2.46,2,85.99,97.14,1.99,1.9849999999999999,0,0
2616,35,525,0,0.32,236.57,0,93.6,64,0,2.57,2,83.18,90.1,1.99,1.99,0,0
2617,51,525,20,0.35,242.35,360,73.8,24,0,2.1,1,74.07,70.67,1.99,1.98,0,0
2618,96,525,29,0.53,167.5,0,25.84,5,0,1.36,1,72.27,77.05,2.01,2.02,0,0
2619,71,900,8,0.34,141.97,0,64.52,10,0,1.7,1,58.15,60.56,2.02,2.03,0,0
2620,66,900,7,0.37,197.27,0,67.17,12,0,1.82,1,66.5,68.56,2,2.01,0,0
2621,16,1050,8,0.39,513.75,480,38.31,40,0,1.69,2,65.51,62.95,2.02,2.02,0,0
2622,79,900,4,0.41,127.59,0,60.39,5,0,1.63,1,67.63,69.33,1.97,2,0,0
2623,32,525,1,0.43,435,450,55.38,25,0,2.09,2,89.23,94.86,1.92,1.96,0,0
2624,12,1050,3,0.35,570,600,60,62.5,0,2.17,2,74.84,77.62,1.85,2.03,0,0
2625,53,1050,7,0.36,235.47,0,41.23,21,0,2.02,2,71.99,74.29,2.02,2.03,0,0
2626,4,525,0,0.48,510,540,135.75,138,0,2,2,95.43,103.81,1.96,1.99,0,0
2627,7,525,2,0.25,445.71,480,114,120,0,3,3,75.59,85.9,1.93,1.96,0,0
2628,3,525,0,0.19,1580,1620,220,218,0,5.67,5,106.98,107.43,1.96,1.96,0,0
2629,41,525,0,0.42,275.12,0,57.39,24,0,2.2,2,92.25,97.9,1.97,1.97,0,0
2630,12,900,2,0.36,390,420,53.08,25,0,1.67,1,60.29,70.72,2,2,0,0
2631,11,525,0,0.69,414.55,420,38.18,9,0,1.18,1,82.08,81.14,1.99,2.01,0,0
2632,4,525,2,0.29,465,480,224.75,247.5,0,3.25,3,93.9,102.48,1.96,1.97,0,0
2633,40,525,6,0.34,261,0,73.12,22.5,0,2.6,2,89.65,98.76,1.97,1.97,0,0
2634,5,525,0,0.26,936,540,182.6,172,0,3.8,4,98.63,112.19,1.93,1.96,0,0
2635,36,525,3,0.37,255,60,86.5,67,0,2.31,2,84.43,93.33,1.98,1.97,0,0
2636,15,525,11,0.26,212,120,50.4,20,0,1.53,1,40.37,20,1.9,2.05,0,0
2637,42,525,0,0.31,0,0,118.26,48,0,3.19,3,100.48,106.95,1.96,1.96,0,0
2638,5,525,3,0.55,372,420,70.6,9,0,1.4,1,76.61,84.19,1.99,1.96,0,0
2639,3,525,1,0.25,1000,960,229.33,236,0,4,3,98.92,103.81,1.94,1.96,0,0
2640,5,525,0,0.29,480,480,136.2,98,0,3.2,3,93.07,94.67,1.93,1.9,0,0
2641,1,525,0,0.65,300,300,14,14,0,1,1,65.14,65.14,1.95,1.95,0,0
2642,3,525,2,0.21,1140,1380,213.67,218,0,4.33,5,93.14,92.19,1.93,1.94,0,0
2643,7,525,0,0.11,480,600,134.29,164,0,4,5,43.1,52,2.03,2.03,0,0
2644,4,525,0,0.18,930,1020,204,211,0,4,4.5,73.81,96.86,1.45,1.91,0,0
2645,10,525,2,0.46,312,300,67.7,59.5,0,1.4,1,64.21,75.71,2,1.9949999999999999,0,0
2646,5,525,0,0.37,480,480,109,71,0,2.6,3,96.23,102.67,1.92,1.95,0,0
2657,742,1000,20,0.28,82.16,120,0.73,0,0,0.71,1,19.76,19.2,2.04,2.04,1,0
2673,20,1000,0,0.43,450,480,19.3,13,0,1.45,1,62.95,69.9,1.99,1.99,0,0
2674,20,1000,0,0.45,441,420,19.65,12,0,1.25,1,56.6,60.25,1.98,1.9849999999999999,0,0
2675,36,1000,4,0.39,380,420,18.92,10,0,1.33,1,51.81,59,1.98,1.99,0,0
2676,70,1120,12,0.4,486.86,480,16.8,9,0,1.41,1,57.01,64.73,2,2,0,0
2677,54,1000,3,0.44,383.33,360,34.78,9,0,1.2,1,53.54,54.1,1.99,2.01,0,0
2678,82,1000,5,0.43,418.54,420,13.82,8,0,1.32,1,56.63,58.75,1.98,2,0,0
2679,54,1000,0,0.37,401.11,420,17.57,8.5,0,1.41,1,51.6,54.75,2,2,0,0
2680,57,1000,6,0.34,286.32,300,14.58,7,0,1.12,1,37.67,38.2,1.96,2,0,0
2681,53,1000,2,0.38,360,360,14.43,5,0,1.3,1,49.44,50.4,1.97,1.98,0,0
2682,90,1120,8,0.3,335.33,300,12.94,8,0,1.31,1,39.44,39.64,2,2,0,0
2683,77,1120,4,0.42,517.4,480,15.45,8,0,1.42,1,59.13,61.7,1.95,2.01,0,0
2684,87,1000,2,0.41,361.38,360,13.63,8,0,1.23,1,50.76,54,1.97,2,0,0
2685,55,1000,17,0.42,425.45,480,34.84,9,0,1.35,1,56.74,58.8,2,2.01,0,0
2686,108,1000,54,0.41,371.11,360,13.49,8,0,1.24,1,51.37,52,2,2.005,0,0
2687,47,1000,1,0.36,398.3,360,17.04,10,0,1.47,1,52.84,55.1,2,2.01,0,0
2688,74,1000,3,0.38,394.86,360,12.84,7,0,1.34,1,51.26,53.15,2,2,0,0
2689,70,1000,8,0.45,456.86,480,15.76,7,0,1.34,1,60.98,71.25,2.01,2.01,0,0
2690,80,1000,7,0.39,435,420,16.18,8.5,0,1.48,1,57.92,61.95,1.98,2.005,0,0
2691,63,1000,6,0.43,351.43,360,10.79,7,0,1.11,1,47.79,50,1.96,2,0,0
2692,66,1000,6,0.38,378.18,360,15.15,9,0,1.35,1,51.31,52.95,2,2,0,0
2693,66,1000,1,0.38,356.36,360,17.61,9,0,1.27,1,48.52,52.45,2,2,0,0
2694,21,1000,0,0.42,374.29,480,14.1,10,0,1.24,1,51.5,64.1,1.89,1.99,0,0
2695,82,1000,5,0.34,308.05,300,10.66,5.5,0,1.24,1,41.8,44.05,2,2,0,0
2696,55,1120,0,0.28,292.36,240,11.76,6,0,1.2,1,33.39,28.21,1.97,1.97,0,0
2697,67,1120,4,0.43,470.15,480,13.25,7,0,1.31,1,57.09,63.04,1.97,2,0,0
2698,12,1120,5,0.49,450,480,91,11.5,0,1.25,1,61.49,60.27,2.09,2,0,0
2699,19,1000,5,0.44,448.42,480,20.26,13,0,1.42,1,61.82,66.1,1.99,2,0,0
2700,36,1000,10,0.48,420,420,15.94,9,0,1.22,1,58.31,62.15,1.99,1.99,0,0
2701,39,1000,0,0.36,329.23,300,15.28,9,0,1.23,1,43.81,46.5,1.94,2,0,0
2702,72,1120,2,0.37,473.33,510,13.22,7.5,0,1.54,1,56.75,63.75,2.01,2.01,0,0
2703,13,1000,0,0.46,521.54,540,23.77,16,0,1.46,1,67.16,69.7,1.99,1.99,0,0
2704,70,1120,0,0.53,382.29,360,14.83,4,0,1.09,1,57.6,60.45,2.1,2.09,0,0
2705,86,1000,0,0.4,381.63,420,15.69,9,0,1.27,1,50.79,53.65,2,2,0,0
2706,47,1000,3,0.39,362.55,360,15.04,9,0,1.23,1,47.78,50.5,1.98,2,0,0
2707,73,1120,16,0.41,485.75,480,15.14,9,0,1.42,1,58.96,66.61,2,2.01,0,0
2708,70,1120,9,0.43,536.57,540,17.76,10,0,1.44,1,61.57,67.59,2.01,2,0,0
2709,8,1120,6,0.46,487.5,510,44.5,12.5,0,1.38,1,62.98,64.15,1.89,2,0,0
2710,103,1000,11,0.32,271.46,240,12.23,7,0,1.15,1,36.23,30.9,1.99,1.98,0,0
2711,79,1000,4,0.37,344.05,360,13.25,7,0,1.23,1,45.05,49.3,1.96,2,0,0
2712,74,1000,9,0.34,368.92,360,12.99,6,0,1.34,1,45.83,47.8,1.99,2,0,0
2713,10,1000,0,0.43,348,360,18.4,10,0,1.2,1,51.09,49.6,1.98,1.98,0,0
2714,55,1000,1,0.42,399.27,420,16.42,9,0,1.25,1,52.51,56.5,1.96,1.99,0,0
2715,65,1120,4,0.37,541.85,540,17.2,10,0,1.65,2,61.16,67.05,2,2.01,0,0
2716,46,1000,2,0.43,452.61,480,12.43,10,0,1.39,1,60.06,63.2,1.99,1.99,0,0
2717,68,1120,1,0.41,526.76,540,13.12,7,0,1.51,1,62.26,70.4,2,2,0,0
2718,67,1120,0,0.4,456.72,480,14.07,8,0,1.34,1,54.35,62.32,1.98,2,0,0
2719,62,1000,10,0.47,480,480,13.65,8.5,0,1.34,1,62.96,70.25,1.98,2.01,0,0
2720,21,510,4,0.23,737.14,420,41.86,27,0,1.81,1,41.29,28.04,1.86,1.97,0,0
2721,74,1120,3,0.36,394.86,450,11.39,5,0,1.31,1,46.63,51.88,1.98,2.005,0,0
2722,38,850,0,0.41,560.53,540,32.32,25,0,1.76,2,73.02,75.47,1.99,1.99,0,0
2723,62,1120,13,0.41,509.03,540,13.53,8.5,0,1.48,1,60.73,67.05,1.94,2.01,0,0
2724,60,1120,6,0.36,464,540,13.62,7,0,1.55,1,55.33,66.61,1.97,2,0,0
2725,73,1120,2,0.42,484.93,480,15.1,8,0,1.38,1,57.53,63.57,2.01,2.01,0,0
2726,66,1120,2,0.33,361.82,300,10.71,5,0,1.27,1,41.62,39.69,2.01,2.01,0,0
2727,45,850,0,0.35,405.33,420,26.02,19,0,1.47,1,51.62,48.94,1.99,2,0,0
2728,49,850,0,0.34,399.18,360,26.73,18,0,1.51,1,51.25,54.35,1.94,1.98,0,0
2729,55,1120,4,0.37,521.45,540,17.31,10,0,1.53,1,55.75,65.18,2,2.01,0,0
2730,44,1000,0,0.37,557.73,540,24.82,16,0,1.7,2,63.84,73.1,1.98,1.98,0,0
2731,41,1000,14,0.35,459.51,360,28.76,16,0,1.51,1,52.66,63.3,1.98,1.98,0,0
2732,33,1000,3,0.31,581.82,540,33.12,18,0,1.97,2,61.68,70.5,1.99,1.98,0,0
2733,28,510,5,0.28,805.71,810,29.07,19,0,1.89,2,52.39,58.82,1.95,1.96,0,0
2734,29,510,6,0.25,856.55,900,34.76,24,0,2.28,2,55.97,63.92,1.97,1.98,0,0
2735,14,510,2,0.26,1050,1110,55.71,53,0,2.29,2,59.68,68.82,1.98,1.98,0,0
2736,26,510,1,0.26,770.77,600,30.46,25,0,1.85,2,48.29,46.67,1.98,1.98,0,0
2737,28,1120,10,0.16,602.14,540,36.32,9,0,1.75,1,28.65,17.99,2.01,1.9849999999999999,0,0
2738,29,850,0,0.38,546.21,480,39.38,24,0,1.93,2,73.33,80.71,1.96,1.98,0,0
2739,62,1000,0,0.47,472.26,480,17.1,9,0,1.37,1,64.85,71.15,2.01,2.01,0,0
2740,56,1000,0,0.43,380.36,420,15.11,9,0,1.2,1,51.21,55.75,2,2.01,0,0
2741,85,510,4,0.79,403.06,360,17.69,10,0,1.26,1,99.37,101.76,2.01,2.01,0,0
2742,13,510,0,0.23,1227.69,1380,61.38,62,0,3.38,3,77.65,83.92,1.97,1.96,0,0
2743,24,510,4,0.23,732.5,570,36.38,21,0,2.08,2,48.45,42.35,1.88,1.96,0,0
2744,61,1000,7,0.39,330.49,360,9.8,3,0,1.15,1,44.23,50.1,1.96,2,0,0
2745,22,510,0,0.24,725.45,690,31.73,23.5,0,1.91,1.5,46.12,47.55,1.96,1.9649999999999999,0,0
2746,88,1120,2,0.39,365.45,360,10.58,5.5,0,1.12,1,43.42,45.09,1.98,2.01,0,0
2747,9,510,2,0.29,513.33,540,82.44,11,0,2.89,2,82.46,101.18,2.34,2.03,0,0
2748,3,875,0,0.06,680,840,179.33,233,0,4,5,24.91,29.49,2.01,2.01,0,0
2749,17,510,0,0.16,540,480,99.71,13,0,2.35,2,37.38,34.71,1.96,1.97,0,0
2750,26,1000,0,0.39,376.15,360,11.92,4.5,0,1.31,1,50.41,61.4,1.98,1.99,0,0
2751,22,510,2,0.21,649.09,510,36.36,14.5,0,2.05,1,43.3,35.98,1.86,1.97,0,0
2752,63,1120,9,0.42,445.71,480,13.21,7,0,1.25,1,52.52,58.21,2.01,2.01,0,0
2753,21,510,0,0.18,631.43,300,46.19,12,0,2.1,1,38.29,25.1,1.96,1.97,0,0
2754,11,510,4,0.19,932.73,1020,86.27,51,0,2.91,3,55.67,61.76,1.99,1.98,0,0
2755,73,1120,2,0.4,475.07,480,12,8,0,1.38,1,55.88,62.23,2,2,0,0
2756,50,850,0,0.4,440.4,420,27.08,22.5,0,1.48,1,59.54,72.18,1.97,1.975,0,0
2757,22,510,2,0.18,540,390,37.45,9.5,0,1.86,1,33.54,21.67,1.97,1.97,0,0
2758,21,510,2,0.21,785.71,720,44.14,19,0,2.33,2,48.31,42.16,1.96,1.96,0,0
2759,33,1000,0,0.25,485.45,420,31.42,15,0,1.85,1,46.11,49.7,2.01,2.01,0,0
2760,26,850,0,0.33,574.62,540,64.46,27,0,1.92,2,63.15,66,2,2,0,0
2761,4,875,0,0.08,450,420,140,108.5,0,4,3.5,31.4,31.09,2.02,2.02,0,0
2762,5,510,0,0.27,1200,1200,69.2,73,0,2.8,3,76.08,74.12,1.94,1.97,0,0
2763,50,850,2,0.38,404.4,390,22.78,16.5,0,1.44,1,54.88,58.65,1.98,1.98,0,0
2764,11,1120,5,0.39,441.82,540,33.45,15,0,1.18,1,45.96,63.04,2.02,2.02,0,0
2765,67,1120,2,0.37,475.52,540,13.12,8,0,1.49,1,55.92,63.93,1.97,2,0,0
2766,24,510,5,0.22,677.5,480,39.46,44,0,2.04,2,45.92,42.25,1.97,1.975,0,0
2767,20,510,2,0.24,564,300,31.7,16,0,1.6,1,37.69,20.88,1.86,1.98,0,0
2769,13,850,0,0.23,895.38,900,67,65,0,2.85,3,65.95,62.35,3.33,3.92,0,0
2780,63,1120,1,0.39,577.14,540,25.44,21,0,1.65,2,63.6,65.36,2,2.01,0,1
2781,56,1120,1,0.4,489.64,480,16.59,17.5,0,1.38,1,55.37,58.97,2.02,2.025,0,0
2782,42,1120,0,0.37,501.43,480,20,17,0,1.57,1,57.98,62.54,2.02,2.02,0,0
2783,47,1120,0,0.42,542.55,480,19.53,16,0,1.49,1,62,65.36,2.01,2.02,0,0
2784,44,1120,0,0.41,546.82,540,18.48,16,0,1.52,1,62.71,68.75,2.01,2.02,0,0
2785,47,1120,0,0.38,506.81,480,18.49,16,0,1.51,1,57.57,64.46,2.01,2.02,0,0
2786,50,1120,2,0.34,474,450,19.06,16,0,1.58,1,53.15,54.46,1.97,2.02,0,0
2787,51,1120,4,0.38,474.12,480,17.69,16,0,1.47,1,55.25,61.7,2.01,2.02,0,0
2788,54,1120,0,0.38,445.56,450,17.26,16,0,1.43,1,53.6,60.58,1.98,2.025,0,0
2789,43,1120,0,0.35,493.95,480,20.35,16,0,1.65,1,57.57,62.32,2.01,2.02,0,0
2790,48,1120,1,0.39,457.5,480,18.79,19,0,1.4,1,55.02,58.79,2.02,2.02,0,0
2791,46,1120,1,0.37,468.26,480,17.39,17,0,1.52,1,57.06,64.2,2.01,2.02,0,0
2792,49,1120,0,0.42,489.8,480,18.82,17,0,1.41,1,59.2,67.14,2.01,2.02,0,0
2793,49,1120,0,0.39,576.73,540,23.57,22,0,1.69,2,66.28,68.39,2.02,2.02,0,0
2794,46,1120,0,0.37,490.43,480,19.04,18,0,1.5,1,54.77,65.67,1.97,2.02,0,0
2795,41,1120,0,0.36,561.95,540,23.29,20,0,1.73,2,62.08,63.39,2.02,2.02,0,0
2796,44,1120,0,0.39,516.82,540,17.77,17,0,1.55,1,59.72,66.56,2,2.02,0,0
2797,42,1120,1,0.4,547.14,510,19.86,19,0,1.55,1,62.27,66.38,2.01,2.02,0,0
2798,10,1120,0,0.48,672,630,21.4,21.5,0,1.7,2,81.49,85.31,1.97,1.98,0,0
2799,46,1120,0,0.37,508.7,510,16.87,17,0,1.52,1,55.75,63.62,2.02,2.02,0,0
2800,50,1120,0,0.37,507.6,540,19.1,18,0,1.56,1.5,56.97,62.68,2.01,2.02,0,0
2801,48,1120,0,0.42,550,540,17.98,16.5,0,1.46,1,61.09,67.14,2.01,2.02,0,0
2802,42,1120,0,0.41,537.14,540,22.21,20.5,0,1.52,1,62.12,65.98,2.01,2.02,0,0
2803,47,1120,0,0.39,538.72,540,17.49,18,0,1.53,1,59.25,67.95,2.01,2.02,0,0
2804,42,1120,0,0.37,480,480,27.14,19,0,1.55,1,57.7,64.78,2.01,2.02,0,0
2805,43,1120,0,0.43,542.79,540,19.19,17,0,1.51,1,64.63,67.32,2.01,2.03,0,0
2806,55,1120,0,0.38,416.73,420,16.15,16,0,1.31,1,49.77,56.43,1.98,2.02,0,0
2807,57,1120,0,0.38,450.53,420,17.74,18,0,1.37,1,52.19,57.95,2.02,2.02,0,0
2808,40,1120,0,0.36,534,540,24.32,20,0,1.68,1,59.98,65.22,2.02,2.025,0,0
2809,47,1120,0,0.38,513.19,540,20.11,19,0,1.55,1,58.77,64.64,1.97,2.02,0,0
2810,36,1120,0,0.27,341.67,240,23.47,21.5,0,1.36,1,37.03,33.08,1.98,1.9849999999999999,0,0
2811,43,1120,3,0.38,493.95,480,20.28,19,0,1.53,2,58.92,63.39,2.02,2.02,0,0
2812,5,1120,0,0.43,768,780,24.2,27,0,2,2,85.73,85.36,1.96,1.97,0,0
2813,46,1120,0,0.44,487.83,540,17.96,17.5,0,1.35,1,58.73,64.69,2.01,2.02,0,0
2814,49,1120,1,0.38,439.59,480,17.94,17,0,1.47,1,55.23,60.09,2.02,2.02,0,0
2815,49,1120,0,0.34,577.96,600,26.71,23,0,1.88,2,63.41,64.73,1.93,2.02,0,0
2816,46,1120,0,0.37,499.57,480,17.76,17.5,0,1.5,1,55.82,60.8,2.01,2.02,0,0
2817,51,1120,3,0.38,487.06,480,18,18,0,1.51,1,58.12,62.59,2.01,2.02,0,0
2818,48,1120,0,0.4,491.25,480,19.69,19,0,1.44,1,58.08,63.12,2.01,2.0149999999999997,0,0
2819,48,1120,0,0.37,487.5,480,18.4,17,0,1.52,1,56.73,61.88,1.96,2.02,0,0
2820,46,1120,0,0.36,459.13,480,20.07,16,0,1.52,1,55.35,60.62,2.02,2.02,0,0
2821,43,1120,0,0.36,503.72,540,22.91,18,0,1.6,1,57.06,63.3,2.01,2.02,0,0
2822,45,1120,1,0.41,538.67,540,17.09,15,0,1.49,1,61.55,67.32,2.01,2.02,0,0
2823,46,1120,0,0.41,543.91,570,18.26,16.5,0,1.52,1,61.72,66.47,2,2.02,0,0
2824,56,1120,0,0.37,432.86,420,20.7,20,0,1.43,1,52.2,55,2.01,2.03,0,0
2825,48,1120,0,0.38,482.5,540,19.5,20,0,1.52,1.5,57.17,61.88,2.01,2.02,0,0
2826,45,1120,0,0.4,528,540,17.62,20,0,1.51,1,60.78,66.07,2.01,2.02,0,0
2827,52,1120,2,0.4,500.77,540,16.12,18,0,1.44,1,57.44,63.93,2.02,2.02,0,0
2828,49,1120,2,0.4,557.14,540,18.1,19,0,1.49,1,59.79,64.91,2.01,2.02,0,0
2829,46,1120,0,0.38,554.35,600,21.17,20,0,1.63,2,61.23,65.67,2.01,2.02,0,0
2830,44,1120,0,0.4,481.36,480,21.02,20.5,0,1.45,1,57.84,62.59,1.97,2.02,0,0
2831,48,1120,0,0.43,493.75,510,18.9,20,0,1.4,1,59.56,65.13,2.01,2.02,0,0
2832,39,1120,0,0.37,501.54,540,23.95,19,0,1.56,1,58.15,64.11,2.01,2.02,0,0
2833,48,1120,0,0.38,508.75,540,19.92,20,0,1.56,1.5,59.1,64.73,2.01,2.02,0,0
2834,49,1120,2,0.42,481.22,480,20.84,18,0,1.45,1,60.86,63.3,2.02,2.02,0,0
2835,49,1120,1,0.42,511.84,540,17.49,19,0,1.45,1,60.36,67.14,1.97,2.02,0,0
2836,49,1120,0,0.4,513.06,540,19.41,19,0,1.43,1,56.56,62.77,2.02,2.02,0,0
2837,41,1120,0,0.35,507.8,480,25.41,19,0,1.63,1,57.95,65.18,2.01,2.02,0,0
2838,53,1120,0,0.35,438.11,420,17.36,17,0,1.43,1,50.89,54.29,1.97,2.02,0,0
2839,44,1120,0,0.37,485.45,480,19.82,20.5,0,1.52,1,55.75,61.79,1.97,2.02,0,0
2840,42,1120,0,0.39,542.86,540,20.83,20.5,0,1.67,2,65.21,67.95,2.01,2.02,0,0
2841,50,1120,1,0.36,494.4,480,18.6,18,0,1.46,1,52.06,58.62,2.01,2.03,0,0
2842,48,1120,2,0.38,502.5,510,16.94,17,0,1.52,1,57.11,64.15,2.02,2.03,0,0
2843,37,1120,0,0.4,467.03,480,19.62,18,0,1.46,1,57.94,57.86,1.96,2.02,0,0
2844,41,1120,1,0.37,507.8,540,18.17,19,0,1.56,2,57,67.23,2,2.02,0,0
2845,43,1120,1,0.42,457.67,480,17.56,16,0,1.33,1,55.54,64.29,2.01,2.02,0,0
2846,49,1120,1,0.44,514.29,540,16.33,18,0,1.35,1,59.6,63.75,2.01,2.02,0,0
2847,45,1120,2,0.35,456,480,18.91,18,0,1.53,1,53.85,64.73,2.02,2.02,0,0
2848,43,1120,1,0.39,514.88,540,15.91,17,0,1.47,1,57.12,64.38,2.02,2.02,0,0
2849,47,1120,2,0.38,509.36,480,17.28,17,0,1.53,1,58.68,62.05,2.01,2.02,0,0
2850,49,1120,1,0.38,502.04,540,17.53,18,0,1.41,1,54.12,63.48,2.02,2.02,0,0
2851,41,1120,1,0.38,535.61,600,17.83,19,0,1.59,2,60.79,63.3,2,2.02,0,0
2852,45,1120,2,0.38,568,480,20.02,19,0,1.56,1,59.77,63.84,2.02,2.03,0,0
2853,49,1120,0,0.4,510.61,480,18.31,19,0,1.43,1,57.73,60.36,2.01,2.03,0,0
2854,42,1120,1,0.41,495.71,480,16.81,16.5,0,1.45,1,59.19,64.38,2.01,2.025,0,0
2855,47,1120,0,0.39,487.66,480,16.68,16,0,1.45,1,56.61,64.64,2.01,2.02,0,0
2856,45,1120,0,0.39,492,480,17.76,17,0,1.51,1,58.72,65,2.01,2.02,0,0
2857,43,1120,0,0.41,475.81,540,17.07,19,0,1.42,1,57.64,64.82,2.02,2.03,0,0
2858,43,1120,1,0.41,492.56,480,20.12,19,0,1.44,1,59.15,65.36,2.01,2.02,0,0
2859,46,1120,1,0.37,524.35,510,20.35,20,0,1.57,1,57.32,62.95,2.01,2.02,0,0
2860,43,1120,3,0.4,503.72,480,19.67,19,0,1.49,1,60.16,64.11,2.02,2.02,0,0
2861,47,1120,2,0.35,431.49,420,17.66,17,0,1.43,1,50.07,56.43,2.02,2.02,0,0
2862,48,1120,1,0.41,521.25,540,16.35,16,0,1.54,2,63.6,66.83,1.98,2.02,0,0
2863,39,1120,0,0.36,526.15,540,21.69,18,0,1.59,1,56.73,61.43,2.01,2.02,0,0
2864,45,1120,0,0.35,514.67,540,18.29,19,0,1.64,2,57.85,64.82,2.02,2.02,0,0
2865,46,1120,1,0.39,508.7,480,18.28,20,0,1.43,1,56.63,60.8,2.02,2.03,0,0
2866,48,1120,2,0.41,525,540,17.77,18,0,1.48,1,59.98,62.23,2.02,2.02,0,0
2867,44,1120,0,0.4,514.09,480,15.18,16,0,1.5,1,59.28,64.91,2.02,2.02,0,0
2868,47,1120,2,0.4,505.53,480,15.26,17,0,1.47,1,58.08,62.41,2.01,2.02,0,0
2869,44,1120,2,0.37,499.09,540,19.16,16.5,0,1.52,1,56.93,65.85,2.01,2.02,0,0
2870,43,1120,1,0.38,468.84,480,17.79,18,0,1.44,1,54.17,60.8,2,2.01,0,0
2871,43,1120,1,0.37,538.6,600,23.12,19,0,1.63,1,60.49,70.71,1.97,2.02,0,0
2872,50,1120,0,0.41,502.8,540,17.02,18,0,1.44,1,59.5,67.5,2.01,2.02,0,0
2873,43,1120,0,0.41,478.6,480,17.07,17,0,1.47,1,59.88,64.91,2.01,2.02,0,0
2874,42,1120,0,0.36,525.71,540,18.19,16.5,0,1.57,1.5,57.11,65.45,2.02,2.02,0,0
2875,43,1120,4,0.4,521.86,480,19.98,18,0,1.49,1,60.25,67.5,1.96,2.02,0,0
2876,47,1120,1,0.35,462.13,540,18.26,19,0,1.57,2,55.25,62.68,1.98,2.02,0,0
2877,47,1120,1,0.35,422.55,420,16.38,15,0,1.4,1,49.71,57.86,1.98,2.03,0,0
2878,47,1120,0,0.4,477.45,540,18.62,18,0,1.43,1,57.72,63.12,2.02,2.02,0,0
2879,43,1120,1,0.42,572.09,540,17.6,18,0,1.49,1,62.76,66.61,2.01,2.02,0,0
2880,47,1120,1,0.37,467.23,420,17,16,0,1.49,1,55.63,62.68,1.97,2.02,0,0
2881,51,1120,3,0.41,520,480,17.47,19,0,1.47,1,59.6,63.12,2.02,2.02,0,0
2882,13,1120,1,0.42,553.85,540,18.85,12,0,1.54,1,64.9,66.88,2,2,0,0
2883,45,1120,0,0.37,489.33,540,17.53,17,0,1.51,1,55.87,65.27,2.02,2.02,0,0
2884,55,1120,0,0.33,355.64,360,19.13,16,0,1.31,1,43.44,48.12,1.98,2.02,0,0
2885,44,1120,0,0.4,486.82,480,16.32,18.5,0,1.43,1,56.85,62.23,2.02,2.02,0,0
2886,38,1120,0,0.35,491.05,480,25.16,18,0,1.74,1,60.18,68.44,1.95,2.02,0,0
2887,45,1120,0,0.36,486.67,480,19.8,18,0,1.53,1,54.5,61.07,2.01,2.02,0,0
2888,51,1120,2,0.36,461.18,480,18.06,18,0,1.53,2,54.68,62.32,2.02,2.02,0,0
2889,42,1120,1,0.38,511.43,480,19.48,15.5,0,1.57,1,59.42,65.36,2.02,2.025,0,0
2890,41,1120,2,0.43,570.73,540,18.78,20,0,1.51,1,64.34,68.04,2.01,2.02,0,0
2891,41,1120,0,0.36,551.71,540,18.17,19,0,1.63,2,59.21,64.11,2.01,2.02,0,0
2892,45,1120,0,0.39,465.33,420,18.11,17,0,1.44,1,56.17,61.79,1.97,2.02,0,0
2893,49,1120,0,0.38,494.69,480,17.33,16,0,1.41,1,54,63.66,2.02,2.02,0,0
2894,45,1120,4,0.4,496,480,16.53,17,0,1.47,1,58.49,63.84,2.01,2.02,0,0
2895,43,1120,1,0.46,478.6,480,16.44,18,0,1.35,1,62.61,65.27,2.02,2.02,0,0
2896,50,1120,0,0.37,441.6,480,17.42,16.5,0,1.44,1,53.82,58.04,2.01,2.02,0,0
2897,41,1120,0,0.39,503.41,540,18.8,19,0,1.56,2,60.11,67.23,2.02,2.02,0,0
2898,59,1120,5,0.35,455.59,480,16.78,17,0,1.39,1,48.5,53.75,2.01,2.02,0,0
2899,53,1120,0,0.41,484.53,480,18.68,18,0,1.43,1,58.35,60.89,1.98,2.02,0,0
2900,49,1120,0,0.4,473.88,480,18.14,18,0,1.45,1,57.69,62.41,2.01,2.02,0,0
2901,43,1120,0,0.38,573.49,540,20.47,21,0,1.63,2,61.16,63.48,2.01,2.02,0,0
2902,54,1120,0,0.36,488.89,480,20.91,18,0,1.54,1,55.48,58.84,2.02,2.03,0,0
2903,45,1120,0,0.39,498.67,480,22.27,20,0,1.49,1,58.61,64.55,1.98,2.03,0,0
2904,45,1120,1,0.4,509.33,480,23.58,20,0,1.51,1,59.84,61.79,2.02,2.03,0,0
2905,45,1120,1,0.37,484,480,23.07,18,0,1.6,1,58.86,64.55,2.01,2.02,0,0
2906,42,1120,0,0.34,527.14,510,20.86,18,0,1.64,2,55.05,62.23,2.02,2.03,0,0
2907,49,1120,0,0.41,514.29,480,19.35,18,0,1.45,1,60.01,62.05,2.01,2.02,0,0
2908,45,1120,3,0.41,494.67,480,18.02,16,0,1.44,1,59.2,64.38,2,2.02,0,0
2909,46,1120,0,0.4,562.17,540,21.33,20.5,0,1.57,1,63.25,64.87,2.01,2.02,0,0
2910,45,1120,0,0.36,505.33,540,22.24,18,0,1.6,2,57.69,61.61,1.97,2.02,0,0
2911,46,1120,1,0.43,490.43,480,18.22,18,0,1.46,1,62.22,69.29,2.01,2.02,0,0
2912,43,1120,1,0.42,474.42,480,20.84,18,0,1.42,1,59.14,64.73,2.02,2.03,0,0
2913,39,1120,1,0.35,461.54,480,23.82,15,0,1.59,1,55.16,62.05,2.01,2.02,0,0
2914,47,1120,0,0.41,519.57,540,15.87,17,0,1.45,1,59.07,64.46,2.01,2.02,0,0
2915,42,1120,0,0.4,564.29,540,19.9,17.5,0,1.55,1,62.45,63.3,2.01,2.02,0,0
2916,43,1120,1,0.39,499.53,480,20.65,17,0,1.53,1,59.96,65.09,2.02,2.02,0,0
2917,48,1120,0,0.39,531.25,510,19.77,17.5,0,1.56,2,61,64.38,2.01,2.02,0,0
2918,53,1120,0,0.38,430.19,420,16.06,16,0,1.34,1,51.43,58.93,2.02,2.02,0,0
2919,44,1120,2,0.42,549.55,570,19.77,18,0,1.39,1,58.41,63.48,2.02,2.025,0,0
2920,49,1120,5,0.39,488.57,480,16.82,17,0,1.45,1,56.25,65.36,2.01,2.02,0,0
2921,55,1120,2,0.38,459.27,480,18.49,18,0,1.42,1,53.92,60.62,2.02,2.02,0,0
2922,42,1120,2,0.4,490,540,19.74,17.5,0,1.45,1,58.01,66.7,1.96,2.0149999999999997,0,0
2923,43,1120,0,0.4,540,540,22.47,22,0,1.56,2,61.91,67.14,2.01,2.02,0,0
2924,46,1120,0,0.39,517.83,510,16.2,18,0,1.48,1,58.02,64.91,2.02,2.02,0,0
2925,41,1120,0,0.38,538.54,540,26.37,21,0,1.61,2,60.54,66.61,2.01,2.02,0,0
2926,43,1120,1,0.4,528.84,540,20.91,18,0,1.56,2,61.55,66.52,2.01,2.02,0,0
2927,632,850,0,0.18,143.35,120,1,0,0,1.03,1,18.44,18,2.04,2.04,1,0
2928,730,850,0,0.17,121.73,120,1.04,0,0,1.02,1,17.16,16.41,2.04,2.04,1,0
2929,237,1000,71,0.15,106.33,120,2.55,0,0,1.02,1,14.95,13.2,2.05,2.06,1,0
2930,415,850,0,0.16,131.86,120,2.05,0,0,1.04,1,16.24,15.06,2.03,2.03,1,0
2931,135,595,2,0.12,87.11,60,9.96,1,0,1.07,1,12.69,11.6,2.01,2.04,1,0
2932,68,595,0,0.09,76.76,60,8.51,3,0,1.06,1,10.04,9.33,1.99,2.02,1,0
2933,211,1000,66,0.06,41.8,60,6.36,3,0,1.05,1,6.05,3.8,2.08,2.08,1,0
2935,43,1120,1,0.33,506.51,540,24.53,17,0,1.79,1,58.35,64.38,1.97,2.02,0,0
2936,43,1120,0,0.36,410.23,420,16.98,17,0,1.35,1,48.21,51.16,2.02,2.03,0,0
2937,41,1120,0,0.35,390.73,420,21.15,17,0,1.29,1,45.84,53.66,2.02,2.03,0,0
2940,38,1120,0,0.35,465.79,480,17.74,18,0,1.53,1,52.69,60.94,2.02,2.03,0,0
2944,33,1120,0,0.36,403.64,420,19.79,17,0,1.36,1,49.67,56.79,2.02,2.03,0,0
2945,2,875,0,0.04,420,420,567,567,0,9.5,9.5,37.71,37.71,2,1.995,0,0
2961,525,1000,468,0.15,130.63,120,2.04,1,0,1.13,1,16.63,14.9,2.02,2.02,1,0
2962,569,1000,525,0.15,129.6,120,1.63,0,0,1.11,1,16.08,13.8,2.04,2.04,1,0
2963,603,1000,500,0.14,130.35,120,1.72,0,0,1.11,1,15.65,14.2,2.02,2.02,1,0
2964,341,1000,315,0.16,138.83,120,1.23,0,0,1.08,1,16.86,15.4,2.03,2.04,1,0
2965,617,1000,571,0.14,115.82,120,1.68,0,0,1.1,1,15.25,13.2,2.05,2.05,1,0
2988,9,1000,0,0.41,0,0,28.78,17,0,1.44,1,59.19,58.7,2.01,2.01,0,0
2989,9,1000,0,0.39,0,0,17.33,9,0,1.67,2,65.23,64.5,2.01,2.01,0,0
2990,11,1000,0,0.4,0,0,14.09,10,0,1.45,2,57.55,58.8,1.97,1.99,0,0
2991,11,1000,0,0.38,0,0,16.73,5,0,1.36,1,52.26,57.9,2,1.99,0,0
2992,10,1000,0,0.36,0,0,16.7,8.5,0,1.7,1.5,61.72,64.1,2.01,2,0,0
2993,9,1000,0,0.43,0,0,16.56,8,0,1.56,1,66.71,67.4,2,2.01,0,0
2999,1,1000,0,0.33,0,0,15,15,0,2,2,66.2,66.2,1.98,1.98,0,1
3000,1,1000,0,0.59,0,0,3,3,0,1,1,58.9,58.9,2,2,0,0
